ffmpeg-build-script v1.60
=========================

Using 4 make jobs simultaneously.
With GPL and non-free codecs

building giflib - version 5.2.2
=======================
Downloading https://sf-eu-introserv-1.dl.sourceforge.net/project/giflib/giflib-5.x/giflib-5.2.2.tar.gz as giflib-5.2.2.tar.gz
... Done
Extracted giflib-5.2.2.tar.gz
$ make
$ make PREFIX=/home/runner/work/ffmpeg-build-script/ffmpeg-build-script/workspace install

building pkg-config - version 0.29.2
=======================
Skipping pkg-config build (system provides it)

building yasm - version 1.3.0
=======================
Downloading https://github.com/yasm/yasm/releases/download/v1.3.0/yasm-1.3.0.tar.gz as yasm-1.3.0.tar.gz
... Done
Extracted yasm-1.3.0.tar.gz
Flags: CFLAGS "-I/home/runner/work/ffmpeg-build-script/ffmpeg-build-script/workspace/include -Wno-int-conversion", CXXFLAGS "", LDFLAGS "-L/home/runner/work/ffmpeg-build-script/ffmpeg-build-script/workspace/lib", LDEXEFLAGS ""
$ ./configure --prefix=/home/runner/work/ffmpeg-build-script/ffmpeg-build-script/workspace
$ make -j 4
$ make install

building nasm - version 3.01
=======================
Downloading https://www.nasm.us/pub/nasm/releasebuilds/3.01/nasm-3.01.tar.xz as nasm-3.01.tar.xz
... Done
Extracted nasm-3.01.tar.xz
Flags: CFLAGS "-I/home/runner/work/ffmpeg-build-script/ffmpeg-build-script/workspace/include -Wno-int-conversion", CXXFLAGS "", LDFLAGS "-L/home/runner/work/ffmpeg-build-script/ffmpeg-build-script/workspace/lib", LDEXEFLAGS ""
$ ./configure --prefix=/home/runner/work/ffmpeg-build-script/ffmpeg-build-script/workspace --disable-shared --enable-static
$ make -j 4
$ make install

building zlib - version 1.3.2
=======================
Downloading https://github.com/madler/zlib/releases/download/v1.3.2/zlib-1.3.2.tar.gz as zlib-1.3.2.tar.gz
... Done
Extracted zlib-1.3.2.tar.gz
Flags: CFLAGS "-I/home/runner/work/ffmpeg-build-script/ffmpeg-build-script/workspace/include -Wno-int-conversion", CXXFLAGS "", LDFLAGS "-L/home/runner/work/ffmpeg-build-script/ffmpeg-build-script/workspace/lib", LDEXEFLAGS ""
$ ./configure --static --prefix=/home/runner/work/ffmpeg-build-script/ffmpeg-build-script/workspace
$ make -j 4
$ make install

building libpng - version 1.6.58
=======================
Downloading https://sourceforge.net/projects/libpng/files/libpng16/1.6.58/libpng-1.6.58.tar.gz as libpng-1.6.58.tar.gz
... Done
Extracted libpng-1.6.58.tar.gz
Flags: CFLAGS "-I/home/runner/work/ffmpeg-build-script/ffmpeg-build-script/workspace/include -Wno-int-conversion", CXXFLAGS "", LDFLAGS "-L/home/runner/work/ffmpeg-build-script/ffmpeg-build-script/workspace/lib -L/home/runner/work/ffmpeg-build-script/ffmpeg-build-script/workspace/lib", LDEXEFLAGS ""
$ ./configure --prefix=/home/runner/work/ffmpeg-build-script/ffmpeg-build-script/workspace --disable-shared --enable-static CPPFLAGS=-I/home/runner/work/ffmpeg-build-script/ffmpeg-build-script/workspace/include LDFLAGS=-L/home/runner/work/ffmpeg-build-script/ffmpeg-build-script/workspace/lib
$ make -j 4
$ make install

building gettext - version 1.0
=======================
Downloading https://ftp.gnu.org/gnu/gettext/gettext-1.0.tar.gz as gettext-1.0.tar.gz
... Done
Extracted gettext-1.0.tar.gz
Flags: CFLAGS "-I/home/runner/work/ffmpeg-build-script/ffmpeg-build-script/workspace/include -Wno-int-conversion", CXXFLAGS "", LDFLAGS "-L/home/runner/work/ffmpeg-build-script/ffmpeg-build-script/workspace/lib -L/home/runner/work/ffmpeg-build-script/ffmpeg-build-script/workspace/lib", LDEXEFLAGS ""
$ ./configure --prefix=/home/runner/work/ffmpeg-build-script/ffmpeg-build-script/workspace --enable-static --disable-shared
$ make -j 4
$ make install

building openssl - version 4.0.2
=======================
Downloading https://github.com/openssl/openssl/releases/download/openssl-4.0.2/openssl-4.0.2.tar.gz as openssl-4.0.2.tar.gz
... Done
Extracted openssl-4.0.2.tar.gz
$ ./Configure --prefix=/home/runner/work/ffmpeg-build-script/ffmpeg-build-script/workspace --openssldir=/home/runner/work/ffmpeg-build-script/ffmpeg-build-script/workspace --libdir=lib --with-zlib-include=/home/runner/work/ffmpeg-build-script/ffmpeg-build-script/workspace/include/ --with-zlib-lib=/home/runner/work/ffmpeg-build-script/ffmpeg-build-script/workspace/lib no-shared zlib
$ make -j 4
$ make install_sw

building cmake - version 4.3.4
=======================
Downloading https://github.com/Kitware/CMake/releases/download/v4.3.4/cmake-4.3.4.tar.gz as cmake-4.3.4.tar.gz
... Done
Extracted cmake-4.3.4.tar.gz
Flags: CFLAGS "-I/home/runner/work/ffmpeg-build-script/ffmpeg-build-script/workspace/include -Wno-int-conversion", CXXFLAGS " -std=c++11", LDFLAGS "-L/home/runner/work/ffmpeg-build-script/ffmpeg-build-script/workspace/lib -L/home/runner/work/ffmpeg-build-script/ffmpeg-build-script/workspace/lib", LDEXEFLAGS ""
$ ./configure --prefix=/home/runner/work/ffmpeg-build-script/ffmpeg-build-script/workspace --parallel=4 -- -DCMAKE_USE_OPENSSL=OFF
$ make -j 4
$ make install

building dav1d - version 1.5.4
=======================
Downloading https://github.com/videolan/dav1d/archive/refs/tags/1.5.4.tar.gz as dav1d-1.5.4.tar.gz
... Done
Extracted dav1d-1.5.4.tar.gz
$ meson setup build --prefix=/home/runner/work/ffmpeg-build-script/ffmpeg-build-script/workspace --buildtype=release --default-library=static --libdir=/home/runner/work/ffmpeg-build-script/ffmpeg-build-script/workspace/lib
$ ninja -C build
$ ninja -C build install

building svtav1 - version 4.2.0
=======================
Downloading https://gitlab.com/AOMediaCodec/SVT-AV1/-/archive/v4.2.0/SVT-AV1-v4.2.0.tar.gz as svtav1-4.2.0.tar.gz
... Done
Extracted svtav1-4.2.0.tar.gz
$ cmake -DCMAKE_INSTALL_PREFIX=/home/runner/work/ffmpeg-build-script/ffmpeg-build-script/workspace -DCMAKE_INSTALL_LIBDIR=lib -DENABLE_SHARED=off -DBUILD_SHARED_LIBS=OFF -DCMAKE_POSITION_INDEPENDENT_CODE=ON ../.. -GUnix Makefiles -DCMAKE_BUILD_TYPE=Release
$ make -j 4
$ make install
$ cp SvtAv1Enc.pc /home/runner/work/ffmpeg-build-script/ffmpeg-build-script/workspace/lib/pkgconfig/

building x264 - version 0480cb05
=======================
Downloading https://code.videolan.org/videolan/x264/-/archive/0480cb05/x264-0480cb05.tar.gz as x264-0480cb05.tar.gz
... Done
Extracted x264-0480cb05.tar.gz
Flags: CFLAGS "-I/home/runner/work/ffmpeg-build-script/ffmpeg-build-script/workspace/include -Wno-int-conversion", CXXFLAGS "", LDFLAGS "-L/home/runner/work/ffmpeg-build-script/ffmpeg-build-script/workspace/lib -L/home/runner/work/ffmpeg-build-script/ffmpeg-build-script/workspace/lib", LDEXEFLAGS ""
$ ./configure --prefix=/home/runner/work/ffmpeg-build-script/ffmpeg-build-script/workspace --enable-static --enable-pic CXXFLAGS=-fPIC 
$ make -j 4
$ make install
$ make install-lib-static

building x265 - version b81f650
=======================
Downloading https://bitbucket.org/multicoreware/x265_git/get/b81f650e21e8aacbe6a9ad04ce14aefc05b932c0.tar.gz as x265-b81f650.tar.gz
... Done
Extracted x265-b81f650.tar.gz
Patching json11.cpp to include <cstdint>
$ cmake ../../../source -GUnix Makefiles -DCMAKE_INSTALL_PREFIX=/home/runner/work/ffmpeg-build-script/ffmpeg-build-script/workspace -DENABLE_SHARED=OFF -DBUILD_SHARED_LIBS=OFF -DHIGH_BIT_DEPTH=ON -DENABLE_HDR10_PLUS=ON -DEXPORT_C_API=OFF -DENABLE_CLI=OFF -DMAIN12=ON
$ make -j 4
$ cmake ../../../source -GUnix Makefiles -DCMAKE_INSTALL_PREFIX=/home/runner/work/ffmpeg-build-script/ffmpeg-build-script/workspace -DENABLE_SHARED=OFF -DBUILD_SHARED_LIBS=OFF -DHIGH_BIT_DEPTH=ON -DENABLE_HDR10_PLUS=ON -DEXPORT_C_API=OFF -DENABLE_CLI=OFF
$ make -j 4
$ cmake ../../../source -GUnix Makefiles -DCMAKE_INSTALL_PREFIX=/home/runner/work/ffmpeg-build-script/ffmpeg-build-script/workspace -DENABLE_SHARED=OFF -DBUILD_SHARED_LIBS=OFF -DEXTRA_LIB=x265_main10.a;x265_main12.a;-ldl -DEXTRA_LINK_FLAGS=-L. -DLINKED_10BIT=ON -DLINKED_12BIT=ON
$ make -j 4
$ make install

building svthevc - version 1.5.1
=======================
Downloading https://github.com/OpenVisualCloud/SVT-HEVC/archive/refs/tags/v1.5.1.tar.gz as svthevc-1.5.1.tar.gz
... Done
Extracted svthevc-1.5.1.tar.gz
$ cmake -DCMAKE_INSTALL_PREFIX=/home/runner/work/ffmpeg-build-script/ffmpeg-build-script/workspace -DENABLE_SHARED=OFF -DBUILD_SHARED_LIBS=OFF -DCMAKE_BUILD_TYPE=Release -DCMAKE_POSITION_INDEPENDENT_CODE=ON -DCMAKE_C_FLAGS=-Wno-error .. -GUnix Makefiles
$ make -j 4
$ make install

building svtvp9 - version 0.3.1
=======================
Downloading https://github.com/OpenVisualCloud/SVT-VP9/archive/refs/tags/v0.3.1.tar.gz as svtvp9-0.3.1.tar.gz
... Done
Extracted svtvp9-0.3.1.tar.gz
$ cmake -DCMAKE_INSTALL_PREFIX=/home/runner/work/ffmpeg-build-script/ffmpeg-build-script/workspace -DENABLE_SHARED=OFF -DBUILD_SHARED_LIBS=OFF -DCMAKE_BUILD_TYPE=Release -DCMAKE_POSITION_INDEPENDENT_CODE=ON .. -GUnix Makefiles
$ make -j 4
$ make install

building xeve - version 0.7.0
=======================
Downloading https://github.com/mpeg5/xeve/archive/refs/tags/v0.7.0.tar.gz as xeve-0.7.0.tar.gz
... Done
Extracted xeve-0.7.0.tar.gz
$ cmake -DCMAKE_INSTALL_PREFIX=/home/runner/work/ffmpeg-build-script/ffmpeg-build-script/workspace -DENABLE_SHARED=OFF -DBUILD_SHARED_LIBS=OFF -DCMAKE_BUILD_TYPE=Release -DCMAKE_POSITION_INDEPENDENT_CODE=ON -DCMAKE_C_FLAGS=-Wno-unknown-warning-option -Wno-error .. -GUnix Makefiles
$ make -j 4
$ make install

building libvpx - version 1.17.0
=======================
Downloading https://github.com/webmproject/libvpx/archive/refs/tags/v1.17.0.tar.gz as libvpx-1.17.0.tar.gz
... Done
Extracted libvpx-1.17.0.tar.gz
Flags: CFLAGS "-I/home/runner/work/ffmpeg-build-script/ffmpeg-build-script/workspace/include -Wno-int-conversion", CXXFLAGS "", LDFLAGS "-L/home/runner/work/ffmpeg-build-script/ffmpeg-build-script/workspace/lib -L/home/runner/work/ffmpeg-build-script/ffmpeg-build-script/workspace/lib", LDEXEFLAGS ""
$ ./configure --prefix=/home/runner/work/ffmpeg-build-script/ffmpeg-build-script/workspace --disable-unit-tests --disable-shared --disable-examples --as=yasm --enable-vp9-highbitdepth
$ make -j 4
$ make install

building xvidcore - version 1.3.7
=======================
Downloading https://downloads.xvid.com/downloads/xvidcore-1.3.7.tar.gz as xvidcore-1.3.7.tar.gz
... Done
Extracted xvidcore-1.3.7.tar.gz
Flags: CFLAGS "-I/home/runner/work/ffmpeg-build-script/ffmpeg-build-script/workspace/include -Wno-int-conversion", CXXFLAGS "", LDFLAGS "-L/home/runner/work/ffmpeg-build-script/ffmpeg-build-script/workspace/lib -L/home/runner/work/ffmpeg-build-script/ffmpeg-build-script/workspace/lib", LDEXEFLAGS ""
$ ./configure --prefix=/home/runner/work/ffmpeg-build-script/ffmpeg-build-script/workspace --disable-shared --enable-static CFLAGS=-std=gnu99 -I/home/runner/work/ffmpeg-build-script/ffmpeg-build-script/workspace/include -Wno-int-conversion
$ make -j 4
$ make install
$ rm /home/runner/work/ffmpeg-build-script/ffmpeg-build-script/workspace/lib/libxvidcore.so /home/runner/work/ffmpeg-build-script/ffmpeg-build-script/workspace/lib/libxvidcore.so.4 /home/runner/work/ffmpeg-build-script/ffmpeg-build-script/workspace/lib/libxvidcore.so.4.3

building vid_stab - version 1.1.1
=======================
Downloading https://github.com/georgmartius/vid.stab/archive/refs/tags/v1.1.1.tar.gz as vid.stab-1.1.1.tar.gz
... Done
Extracted vid.stab-1.1.1.tar.gz
$ cmake -DBUILD_SHARED_LIBS=OFF -DCMAKE_INSTALL_PREFIX=/home/runner/work/ffmpeg-build-script/ffmpeg-build-script/workspace -DUSE_OMP=OFF -DENABLE_SHARED=off .
$ make
$ make install

building av1 - version 3.15.0
=======================
Downloading https://storage.googleapis.com/aom-releases/libaom-3.15.0.tar.gz as libaom-3.15.0.tar.gz
... Done
Extracted libaom-3.15.0.tar.gz
$ cmake -DENABLE_TESTS=0 -DENABLE_EXAMPLES=0 -DCMAKE_INSTALL_PREFIX=/home/runner/work/ffmpeg-build-script/ffmpeg-build-script/workspace -DCMAKE_INSTALL_LIBDIR=lib /home/runner/work/ffmpeg-build-script/ffmpeg-build-script/packages/libaom-3.15.0
$ make -j 4
$ make install

building zimg - version 3.0.6
=======================
Downloading https://github.com/sekrit-twc/zimg/archive/refs/tags/release-3.0.6.tar.gz as zimg-3.0.6.tar.gz
... Done
Extracted zimg-3.0.6.tar.gz
$ /home/runner/work/ffmpeg-build-script/ffmpeg-build-script/workspace/bin/libtoolize -i -f -q
$ ./autogen.sh --prefix=/home/runner/work/ffmpeg-build-script/ffmpeg-build-script/workspace
Flags: CFLAGS "-I/home/runner/work/ffmpeg-build-script/ffmpeg-build-script/workspace/include -Wno-int-conversion", CXXFLAGS "", LDFLAGS "-L/home/runner/work/ffmpeg-build-script/ffmpeg-build-script/workspace/lib -L/home/runner/work/ffmpeg-build-script/ffmpeg-build-script/workspace/lib", LDEXEFLAGS ""
$ ./configure --prefix=/home/runner/work/ffmpeg-build-script/ffmpeg-build-script/workspace --enable-static --disable-shared
$ make -j 4
$ make install

building libvmaf - version 3.2.0
=======================
Downloading https://github.com/Netflix/vmaf/archive/refs/tags/v3.2.0.tar.gz as vmaf-3.2.0.tar.gz
... Done
Extracted vmaf-3.2.0.tar.gz
$ meson setup build --prefix=/home/runner/work/ffmpeg-build-script/ffmpeg-build-script/workspace --buildtype=release --default-library=static --libdir=/home/runner/work/ffmpeg-build-script/ffmpeg-build-script/workspace/lib -Dbuilt_in_models=true
$ ninja -C build
$ ninja -C build install

building lv2 - version 1.18.10
=======================
Downloading https://github.com/lv2/lv2/archive/refs/tags/v1.18.10.tar.gz as lv2-1.18.10.tar.gz
... Done
Extracted lv2-1.18.10.tar.gz
$ meson build --prefix=/home/runner/work/ffmpeg-build-script/ffmpeg-build-script/workspace --buildtype=release --default-library=static --libdir=/home/runner/work/ffmpeg-build-script/ffmpeg-build-script/workspace/lib
$ ninja -C build
$ ninja -C build install

building waflib - version b600c92
=======================
Downloading https://gitlab.com/drobilla/autowaf/-/archive/b600c92/autowaf-b600c92.tar.gz as autowaf.tar.gz
... Done
Extracted autowaf.tar.gz

building serd - version 0.32.10
=======================
Downloading https://gitlab.com/drobilla/serd/-/archive/v0.32.10/serd-v0.32.10.tar.gz as serd-v0.32.10.tar.gz
... Done
Extracted serd-v0.32.10.tar.gz
$ meson build --prefix=/home/runner/work/ffmpeg-build-script/ffmpeg-build-script/workspace --buildtype=release --default-library=static --libdir=/home/runner/work/ffmpeg-build-script/ffmpeg-build-script/workspace/lib
$ ninja -C build
$ ninja -C build install

building pcre - version 8.45
=======================
Downloading https://altushost-swe.dl.sourceforge.net/project/pcre/pcre/8.45/pcre-8.45.tar.gz as pcre-8.45.tar.gz
... Done
Extracted pcre-8.45.tar.gz
Flags: CFLAGS "-I/home/runner/work/ffmpeg-build-script/ffmpeg-build-script/workspace/include -Wno-int-conversion", CXXFLAGS "", LDFLAGS "-L/home/runner/work/ffmpeg-build-script/ffmpeg-build-script/workspace/lib -L/home/runner/work/ffmpeg-build-script/ffmpeg-build-script/workspace/lib", LDEXEFLAGS ""
$ ./configure --prefix=/home/runner/work/ffmpeg-build-script/ffmpeg-build-script/workspace --disable-shared --enable-static
$ make -j 4
$ make install

building zix - version 0.8.2
=======================
Downloading https://gitlab.com/drobilla/zix/-/archive/v0.8.2/zix-v0.8.2.tar.gz as zix-v0.8.2.tar.gz
... Done
Extracted zix-v0.8.2.tar.gz
$ meson setup build --prefix=/home/runner/work/ffmpeg-build-script/ffmpeg-build-script/workspace --buildtype=release --default-library=static --libdir=/home/runner/work/ffmpeg-build-script/ffmpeg-build-script/workspace/lib
$ meson configure -Dc_args=-march=native -Dprefix=/home/runner/work/ffmpeg-build-script/ffmpeg-build-script/workspace -Dlibdir=/home/runner/work/ffmpeg-build-script/ffmpeg-build-script/workspace/lib
$ meson compile
$ meson install

building sord - version 0.16.22
=======================
Downloading https://gitlab.com/drobilla/sord/-/archive/v0.16.22/sord-v0.16.22.tar.gz as sord-v0.16.22.tar.gz
... Done
Extracted sord-v0.16.22.tar.gz
$ meson build --prefix=/home/runner/work/ffmpeg-build-script/ffmpeg-build-script/workspace --buildtype=release --default-library=static --libdir=/home/runner/work/ffmpeg-build-script/ffmpeg-build-script/workspace/lib
$ ninja -C build
$ ninja -C build install

building sratom - version 0.6.22
=======================
Downloading https://gitlab.com/lv2/sratom/-/archive/v0.6.22/sratom-v0.6.22.tar.gz as sratom-v0.6.22.tar.gz
... Done
Extracted sratom-v0.6.22.tar.gz
$ meson build --prefix=/home/runner/work/ffmpeg-build-script/ffmpeg-build-script/workspace -Ddocs=disabled --buildtype=release --default-library=static --libdir=/home/runner/work/ffmpeg-build-script/ffmpeg-build-script/workspace/lib
$ ninja -C build
$ ninja -C build install

building lilv - version 0.28.0
=======================
Downloading https://gitlab.com/lv2/lilv/-/archive/v0.28.0/lilv-v0.28.0.tar.gz as lilv-v0.28.0.tar.gz
... Done
Extracted lilv-v0.28.0.tar.gz
$ meson build --prefix=/home/runner/work/ffmpeg-build-script/ffmpeg-build-script/workspace -Ddocs=disabled --buildtype=release --default-library=static --libdir=/home/runner/work/ffmpeg-build-script/ffmpeg-build-script/workspace/lib -Dcpp_std=c++11
$ ninja -C build
$ ninja -C build install

building opencore - version 0.1.6
=======================
Downloading https://deac-ams.dl.sourceforge.net/project/opencore-amr/opencore-amr/opencore-amr-0.1.6.tar.gz as opencore-amr-0.1.6.tar.gz
... Done
Extracted opencore-amr-0.1.6.tar.gz
Flags: CFLAGS "-I/home/runner/work/ffmpeg-build-script/ffmpeg-build-script/workspace/include -Wno-int-conversion -I/home/runner/work/ffmpeg-build-script/ffmpeg-build-script/workspace/include/lilv-0", CXXFLAGS "", LDFLAGS "-L/home/runner/work/ffmpeg-build-script/ffmpeg-build-script/workspace/lib -L/home/runner/work/ffmpeg-build-script/ffmpeg-build-script/workspace/lib", LDEXEFLAGS ""
$ ./configure --prefix=/home/runner/work/ffmpeg-build-script/ffmpeg-build-script/workspace --disable-shared --enable-static
$ make -j 4
$ make install

building lame - version 3.100
=======================
Downloading https://sourceforge.net/projects/lame/files/lame/3.100/lame-3.100.tar.gz/download?use_mirror=gigenet as lame-3.100.tar.gz
... Done
Extracted lame-3.100.tar.gz
Flags: CFLAGS "-I/home/runner/work/ffmpeg-build-script/ffmpeg-build-script/workspace/include -Wno-int-conversion -I/home/runner/work/ffmpeg-build-script/ffmpeg-build-script/workspace/include/lilv-0", CXXFLAGS "", LDFLAGS "-L/home/runner/work/ffmpeg-build-script/ffmpeg-build-script/workspace/lib -L/home/runner/work/ffmpeg-build-script/ffmpeg-build-script/workspace/lib", LDEXEFLAGS ""
$ ./configure --prefix=/home/runner/work/ffmpeg-build-script/ffmpeg-build-script/workspace --disable-shared --enable-static --disable-frontend
$ make -j 4
$ make install

building opus - version 1.6.1
=======================
Downloading https://downloads.xiph.org/releases/opus/opus-1.6.1.tar.gz as opus-1.6.1.tar.gz
... Done
Extracted opus-1.6.1.tar.gz
Flags: CFLAGS "-I/home/runner/work/ffmpeg-build-script/ffmpeg-build-script/workspace/include -Wno-int-conversion -I/home/runner/work/ffmpeg-build-script/ffmpeg-build-script/workspace/include/lilv-0", CXXFLAGS "", LDFLAGS "-L/home/runner/work/ffmpeg-build-script/ffmpeg-build-script/workspace/lib -L/home/runner/work/ffmpeg-build-script/ffmpeg-build-script/workspace/lib", LDEXEFLAGS ""
$ ./configure --prefix=/home/runner/work/ffmpeg-build-script/ffmpeg-build-script/workspace --disable-shared --enable-static
$ make -j 4
$ make install
$ git clone --depth 1 https://github.com/google/liblc3.git /home/runner/work/ffmpeg-build-script/ffmpeg-build-script/packages/liblc3

building lc3 - version ce2e41f
=======================
$ meson setup build_dir --prefix=/home/runner/work/ffmpeg-build-script/ffmpeg-build-script/workspace --libdir=lib --buildtype=release -Ddefault_library=static
$ ninja -C build_dir
$ ninja -C build_dir install

building libogg - version 1.3.6
=======================
Downloading https://ftp.osuosl.org/pub/xiph/releases/ogg/libogg-1.3.6.tar.xz as libogg-1.3.6.tar.xz
... Done
Extracted libogg-1.3.6.tar.xz
Flags: CFLAGS "-I/home/runner/work/ffmpeg-build-script/ffmpeg-build-script/workspace/include -Wno-int-conversion -I/home/runner/work/ffmpeg-build-script/ffmpeg-build-script/workspace/include/lilv-0", CXXFLAGS "", LDFLAGS "-L/home/runner/work/ffmpeg-build-script/ffmpeg-build-script/workspace/lib -L/home/runner/work/ffmpeg-build-script/ffmpeg-build-script/workspace/lib", LDEXEFLAGS ""
$ ./configure --prefix=/home/runner/work/ffmpeg-build-script/ffmpeg-build-script/workspace --disable-shared --enable-static
$ make -j 4
$ make install

building libvorbis - version 1.3.7
=======================
Downloading https://ftp.osuosl.org/pub/xiph/releases/vorbis/libvorbis-1.3.7.tar.gz as libvorbis-1.3.7.tar.gz
... Done
Extracted libvorbis-1.3.7.tar.gz
Flags: CFLAGS "-I/home/runner/work/ffmpeg-build-script/ffmpeg-build-script/workspace/include -Wno-int-conversion -I/home/runner/work/ffmpeg-build-script/ffmpeg-build-script/workspace/include/lilv-0", CXXFLAGS "", LDFLAGS "-L/home/runner/work/ffmpeg-build-script/ffmpeg-build-script/workspace/lib -L/home/runner/work/ffmpeg-build-script/ffmpeg-build-script/workspace/lib", LDEXEFLAGS ""
$ ./configure --prefix=/home/runner/work/ffmpeg-build-script/ffmpeg-build-script/workspace --with-ogg-libraries=/home/runner/work/ffmpeg-build-script/ffmpeg-build-script/workspace/lib --with-ogg-includes=/home/runner/work/ffmpeg-build-script/ffmpeg-build-script/workspace/include/ --enable-static --disable-shared --disable-oggtest
$ make -j 4
$ make install

building libtheora - version 1.2.0
=======================
Downloading https://ftp.osuosl.org/pub/xiph/releases/theora/libtheora-1.2.0.tar.gz as libtheora-1.2.0.tar.gz
... Done
Extracted libtheora-1.2.0.tar.gz
Flags: CFLAGS "-I/home/runner/work/ffmpeg-build-script/ffmpeg-build-script/workspace/include -Wno-int-conversion -I/home/runner/work/ffmpeg-build-script/ffmpeg-build-script/workspace/include/lilv-0", CXXFLAGS "", LDFLAGS "-L/home/runner/work/ffmpeg-build-script/ffmpeg-build-script/workspace/lib -L/home/runner/work/ffmpeg-build-script/ffmpeg-build-script/workspace/lib", LDEXEFLAGS ""
$ ./configure --prefix=/home/runner/work/ffmpeg-build-script/ffmpeg-build-script/workspace --with-ogg-libraries=/home/runner/work/ffmpeg-build-script/ffmpeg-build-script/workspace/lib --with-ogg-includes=/home/runner/work/ffmpeg-build-script/ffmpeg-build-script/workspace/include/ --with-vorbis-libraries=/home/runner/work/ffmpeg-build-script/ffmpeg-build-script/workspace/lib --with-vorbis-includes=/home/runner/work/ffmpeg-build-script/ffmpeg-build-script/workspace/include/ --enable-static --disable-shared --disable-oggtest --disable-vorbistest --disable-examples --disable-spec
$ make -j 4
$ make install

building fdk_aac - version 2.0.3
=======================
Downloading https://sourceforge.net/projects/opencore-amr/files/fdk-aac/fdk-aac-2.0.3.tar.gz/download?use_mirror=gigenet as fdk-aac-2.0.3.tar.gz
... Done
Extracted fdk-aac-2.0.3.tar.gz
Flags: CFLAGS "-I/home/runner/work/ffmpeg-build-script/ffmpeg-build-script/workspace/include -Wno-int-conversion -I/home/runner/work/ffmpeg-build-script/ffmpeg-build-script/workspace/include/lilv-0", CXXFLAGS "", LDFLAGS "-L/home/runner/work/ffmpeg-build-script/ffmpeg-build-script/workspace/lib -L/home/runner/work/ffmpeg-build-script/ffmpeg-build-script/workspace/lib", LDEXEFLAGS ""
$ ./configure --prefix=/home/runner/work/ffmpeg-build-script/ffmpeg-build-script/workspace --disable-shared --enable-static --enable-pic
$ make -j 4
$ make install

building soxr - version 0.1.3
=======================
Downloading https://sourceforge.net/projects/soxr/files/soxr-0.1.3-Source.tar.xz/download?use_mirror=gigenet as soxr-0.1.3.tar.xz
... Done
Extracted soxr-0.1.3.tar.xz
$ cmake -DCMAKE_BUILD_TYPE=Release -DCMAKE_INSTALL_PREFIX=/home/runner/work/ffmpeg-build-script/ffmpeg-build-script/workspace -DBUILD_SHARED_LIBS:bool=off -DWITH_OPENMP:bool=off -DBUILD_TESTS:bool=off -Wno-dev ..
$ make -j 4
$ make install

building libtiff - version 4.7.1
=======================
Downloading https://download.osgeo.org/libtiff/tiff-4.7.1.tar.xz as tiff-4.7.1.tar.xz
... Done
Extracted tiff-4.7.1.tar.xz
Flags: CFLAGS "-I/home/runner/work/ffmpeg-build-script/ffmpeg-build-script/workspace/include -Wno-int-conversion -I/home/runner/work/ffmpeg-build-script/ffmpeg-build-script/workspace/include/lilv-0", CXXFLAGS "", LDFLAGS "-L/home/runner/work/ffmpeg-build-script/ffmpeg-build-script/workspace/lib -L/home/runner/work/ffmpeg-build-script/ffmpeg-build-script/workspace/lib", LDEXEFLAGS ""
$ ./configure --prefix=/home/runner/work/ffmpeg-build-script/ffmpeg-build-script/workspace --disable-shared --enable-static --disable-dependency-tracking --disable-lzma --disable-webp --disable-zstd --without-x
$ make -j 4
$ make install

building lcms2 - version 2.19.1
=======================
Downloading https://github.com/mm2/Little-CMS/releases/download/lcms2.19.1/lcms2-2.19.1.tar.gz as lcms2-2.19.1.tar.gz
... Done
Extracted lcms2-2.19.1.tar.gz
Flags: CFLAGS "-I/home/runner/work/ffmpeg-build-script/ffmpeg-build-script/workspace/include -Wno-int-conversion -I/home/runner/work/ffmpeg-build-script/ffmpeg-build-script/workspace/include/lilv-0", CXXFLAGS "", LDFLAGS "-L/home/runner/work/ffmpeg-build-script/ffmpeg-build-script/workspace/lib -L/home/runner/work/ffmpeg-build-script/ffmpeg-build-script/workspace/lib", LDEXEFLAGS ""
$ ./configure --prefix=/home/runner/work/ffmpeg-build-script/ffmpeg-build-script/workspace --disable-shared --enable-static
$ make -j 4
$ make install

building libjxl - version 0.11.2
=======================
Downloading https://github.com/libjxl/libjxl/archive/refs/tags/v0.11.2.tar.gz as libjxl-0.11.2.tar.gz
... Done
Extracted libjxl-0.11.2.tar.gz
$ ./deps.sh
$ cmake -DBUILD_SHARED_LIBS=OFF -DCMAKE_INSTALL_PREFIX=/home/runner/work/ffmpeg-build-script/ffmpeg-build-script/workspace -DCMAKE_INSTALL_LIBDIR=lib -DCMAKE_INSTALL_BINDIR=bin -DCMAKE_INSTALL_INCLUDEDIR=include -DENABLE_SHARED=off -DENABLE_STATIC=ON -DCMAKE_BUILD_TYPE=Release -DJPEGXL_ENABLE_BENCHMARK=OFF -DJPEGXL_ENABLE_DOXYGEN=OFF -DJPEGXL_ENABLE_MANPAGES=OFF -DJPEGXL_ENABLE_JPEGLI_LIBJPEG=OFF -DJPEGXL_ENABLE_JPEGLI=ON -DJPEGXL_TEST_TOOLS=OFF -DJPEGXL_ENABLE_JNI=OFF -DBUILD_TESTING=OFF -DJPEGXL_ENABLE_SKCMS=OFF -DJPEGXL_ENABLE_TOOLS=OFF -DJPEGXL_ENABLE_EXAMPLES=OFF -DJPEGXL_ENABLE_VIEWERS=OFF -DJPEGXL_WARNINGS_AS_ERRORS=OFF .
$ make -j 4
$ make install

building libwebp - version 1.6.0
=======================
Downloading https://storage.googleapis.com/downloads.webmproject.org/releases/webp/libwebp-1.6.0.tar.gz as libwebp-1.6.0.tar.gz
... Done
Extracted libwebp-1.6.0.tar.gz
$ cmake -DCMAKE_INSTALL_PREFIX=/home/runner/work/ffmpeg-build-script/ffmpeg-build-script/workspace -DCMAKE_INSTALL_LIBDIR=lib -DCMAKE_INSTALL_BINDIR=bin -DCMAKE_INSTALL_INCLUDEDIR=include -DENABLE_SHARED=OFF -DENABLE_STATIC=ON -DWEBP_BUILD_CWEBP=OFF -DWEBP_BUILD_DWEBP=OFF -DWEBP_BUILD_GIF2WEBP=OFF -DWEBP_BUILD_IMG2WEBP=OFF -DWEBP_BUILD_VWEBP=OFF -DWEBP_BUILD_WEBPINFO=OFF -DWEBP_BUILD_WEBPMUX=OFF -DWEBP_BUILD_EXTRAS=OFF -DWEBP_BUILD_LIBWEBPMUX=ON ../
$ make -j 4
$ make install

building libsdl - version 2.32.10
=======================
Downloading https://github.com/libsdl-org/SDL/releases/download/release-2.32.10/SDL2-2.32.10.tar.gz as SDL2-2.32.10.tar.gz
... Done
Extracted SDL2-2.32.10.tar.gz
Flags: CFLAGS "-I/home/runner/work/ffmpeg-build-script/ffmpeg-build-script/workspace/include -Wno-int-conversion -I/home/runner/work/ffmpeg-build-script/ffmpeg-build-script/workspace/include/lilv-0", CXXFLAGS "", LDFLAGS "-L/home/runner/work/ffmpeg-build-script/ffmpeg-build-script/workspace/lib -L/home/runner/work/ffmpeg-build-script/ffmpeg-build-script/workspace/lib", LDEXEFLAGS ""
$ ./configure --prefix=/home/runner/work/ffmpeg-build-script/ffmpeg-build-script/workspace --disable-shared --enable-static
$ make -j 4
$ make install

building FreeType2 - version 2.14.3
=======================
Downloading https://downloads.sourceforge.net/freetype/freetype-2.14.3.tar.xz as freetype-2.14.3.tar.xz
... Done
Extracted freetype-2.14.3.tar.xz
Flags: CFLAGS "-I/home/runner/work/ffmpeg-build-script/ffmpeg-build-script/workspace/include -Wno-int-conversion -I/home/runner/work/ffmpeg-build-script/ffmpeg-build-script/workspace/include/lilv-0", CXXFLAGS "", LDFLAGS "-L/home/runner/work/ffmpeg-build-script/ffmpeg-build-script/workspace/lib -L/home/runner/work/ffmpeg-build-script/ffmpeg-build-script/workspace/lib", LDEXEFLAGS ""
$ ./configure --prefix=/home/runner/work/ffmpeg-build-script/ffmpeg-build-script/workspace --disable-shared --enable-static
$ make -j 4
$ make install

building VapourSynth - version 73
=======================
Downloading https://github.com/vapoursynth/vapoursynth/archive/R73.tar.gz as R73.tar.gz
... Done
Extracted R73.tar.gz
$ mkdir -p /home/runner/work/ffmpeg-build-script/ffmpeg-build-script/workspace/include/vapoursynth
$ cp -r include/. /home/runner/work/ffmpeg-build-script/ffmpeg-build-script/workspace/include/vapoursynth/

building srt - version 1.5.7
=======================
Downloading https://github.com/Haivision/srt/archive/v1.5.7.tar.gz as srt-1.5.7.tar.gz
... Done
Extracted srt-1.5.7.tar.gz
$ cmake . -DCMAKE_INSTALL_PREFIX=/home/runner/work/ffmpeg-build-script/ffmpeg-build-script/workspace -DCMAKE_INSTALL_LIBDIR=lib -DCMAKE_INSTALL_BINDIR=bin -DCMAKE_INSTALL_INCLUDEDIR=include -DENABLE_SHARED=OFF -DENABLE_STATIC=ON -DENABLE_APPS=OFF -DUSE_STATIC_LIBSTDCXX=ON
$ make install

building zvbi - version 0.2.44
=======================
Downloading https://github.com/zapping-vbi/zvbi/archive/refs/tags/v0.2.44.tar.gz as zvbi-0.2.44.tar.gz
... Done
Extracted zvbi-0.2.44.tar.gz
$ ./autogen.sh --prefix=/home/runner/work/ffmpeg-build-script/ffmpeg-build-script/workspace
Flags: CFLAGS "-I/home/runner/work/ffmpeg-build-script/ffmpeg-build-script/workspace/include -Wno-int-conversion -I/home/runner/work/ffmpeg-build-script/ffmpeg-build-script/workspace/include/lilv-0", CXXFLAGS "", LDFLAGS "-L/home/runner/work/ffmpeg-build-script/ffmpeg-build-script/workspace/lib -L/home/runner/work/ffmpeg-build-script/ffmpeg-build-script/workspace/lib", LDEXEFLAGS ""
$ ./configure CFLAGS=-I/home/runner/work/ffmpeg-build-script/ffmpeg-build-script/workspace/include/libpng16 -I/home/runner/work/ffmpeg-build-script/ffmpeg-build-script/workspace/include -Wno-int-conversion -I/home/runner/work/ffmpeg-build-script/ffmpeg-build-script/workspace/include/lilv-0 --prefix=/home/runner/work/ffmpeg-build-script/ffmpeg-build-script/workspace --enable-static --disable-shared
$ make -j 4
$ make install

building libzmq - version 4.3.5
=======================
Downloading https://github.com/zeromq/libzmq/releases/download/v4.3.5/zeromq-4.3.5.tar.gz as zeromq-4.3.5.tar.gz
... Done
Extracted zeromq-4.3.5.tar.gz
Flags: CFLAGS "-I/home/runner/work/ffmpeg-build-script/ffmpeg-build-script/workspace/include -Wno-int-conversion -I/home/runner/work/ffmpeg-build-script/ffmpeg-build-script/workspace/include/lilv-0", CXXFLAGS "", LDFLAGS "-L/home/runner/work/ffmpeg-build-script/ffmpeg-build-script/workspace/lib -L/home/runner/work/ffmpeg-build-script/ffmpeg-build-script/workspace/lib", LDEXEFLAGS ""
$ ./configure --prefix=/home/runner/work/ffmpeg-build-script/ffmpeg-build-script/workspace --disable-shared --enable-static --without-docs
$ make -j 4
$ make install

building vulkan-headers - version 1.4.341.0
=======================
Downloading https://github.com/KhronosGroup/Vulkan-Headers/archive/refs/tags/vulkan-sdk-1.4.341.0.tar.gz as Vulkan-Headers-1.4.341.0.tar.gz
... Done
Extracted Vulkan-Headers-1.4.341.0.tar.gz
$ cmake -DCMAKE_INSTALL_PREFIX=/home/runner/work/ffmpeg-build-script/ffmpeg-build-script/workspace -B build/
$ make install

building glslang - version 16.3.0
=======================
Downloading https://github.com/KhronosGroup/glslang/archive/refs/tags/16.3.0.tar.gz as glslang-16.3.0.tar.gz
... Done
Extracted glslang-16.3.0.tar.gz
$ ./update_glslang_sources.py
$ cmake -DCMAKE_BUILD_TYPE=Release -DENABLE_SHARED=OFF -DBUILD_SHARED_LIBS=OFF -DCMAKE_INSTALL_PREFIX=/home/runner/work/ffmpeg-build-script/ffmpeg-build-script/workspace .
$ make -j 4
$ make install

building amf - version 1.5.2
=======================
Downloading https://github.com/GPUOpen-LibrariesAndSDKs/AMF/archive/refs/tags/v1.5.2.tar.gz as AMF-1.5.2.tar.gz
... Done
Extracted AMF-1.5.2.tar.gz
$ rm -rf /home/runner/work/ffmpeg-build-script/ffmpeg-build-script/workspace/include/AMF
$ mkdir -p /home/runner/work/ffmpeg-build-script/ffmpeg-build-script/workspace/include/AMF
$ cp -r /home/runner/work/ffmpeg-build-script/ffmpeg-build-script/packages/AMF-1.5.2/AMF-1.5.2/amf/public/include/components /home/runner/work/ffmpeg-build-script/ffmpeg-build-script/packages/AMF-1.5.2/AMF-1.5.2/amf/public/include/core /home/runner/work/ffmpeg-build-script/ffmpeg-build-script/workspace/include/AMF/

building opencl-headers - version 2025.07.22
=======================
Downloading https://github.com/KhronosGroup/OpenCL-Headers/archive/refs/tags/v2025.07.22.tar.gz as OpenCL-Headers-2025.07.22.tar.gz
... Done
Extracted OpenCL-Headers-2025.07.22.tar.gz
$ cmake -DCMAKE_INSTALL_PREFIX=/home/runner/work/ffmpeg-build-script/ffmpeg-build-script/workspace -B build/
$ cmake --build build --target install

building opencl-icd-loader - version 2025.07.22
=======================
Downloading https://github.com/KhronosGroup/OpenCL-ICD-Loader/archive/refs/tags/v2025.07.22.tar.gz as OpenCL-ICD-Loader-2025.07.22.tar.gz
... Done
Extracted OpenCL-ICD-Loader-2025.07.22.tar.gz
$ cmake -DCMAKE_PREFIX_PATH=/home/runner/work/ffmpeg-build-script/ffmpeg-build-script/workspace -DCMAKE_INSTALL_PREFIX=/home/runner/work/ffmpeg-build-script/ffmpeg-build-script/workspace -DENABLE_SHARED=OFF -DBUILD_SHARED_LIBS=OFF -B build/
$ cmake --build build --target install

Temporarily moving .git dir to .git.bak to workaround ffmpeg build bug

building ffmpeg - version 9.0.1
=======================
Downloading https://github.com/FFmpeg/FFmpeg/archive/refs/tags/n9.0.1.tar.gz as FFmpeg-release-9.0.1.tar.gz
... Done
Extracted FFmpeg-release-9.0.1.tar.gz
Applying vendored SVT-HEVC patch to FFmpeg...
patching file configure
patching file libavcodec/Makefile
patching file libavcodec/allcodecs.c
patching file libavcodec/libsvt_hevc.c
Applying vendored SVT-VP9 patch to FFmpeg...
patching file configure
Hunk #2 succeeded at 2124 with fuzz 1 (offset 115 lines).
Hunk #3 succeeded at 3887 (offset 159 lines).
Hunk #4 succeeded at 7461 (offset 186 lines).
patching file libavcodec/Makefile
Hunk #1 succeeded at 1214 (offset -1 lines).
patching file libavcodec/allcodecs.c
Hunk #1 succeeded at 812 with fuzz 1 (offset -11 lines).
patching file libavcodec/libsvt_vp9.c
$ python3 /home/runner/work/ffmpeg-build-script/ffmpeg-build-script/verify_static_libs.py /home/runner/work/ffmpeg-build-script/ffmpeg-build-script/workspace --enable-nonfree --enable-gpl --enable-openssl --enable-libdav1d --enable-libsvtav1 --enable-libx264 --enable-libx265 --enable-libxeve --enable-libvpx --enable-libxvid --enable-libvidstab --enable-libaom --enable-libzimg --enable-libvmaf --enable-lv2 --enable-libopencore_amrnb --enable-libopencore_amrwb --enable-libmp3lame --enable-libopus --enable-liblc3 --enable-libvorbis --enable-libtheora --enable-libfdk-aac --enable-libsoxr --enable-libjxl --enable-libwebp --enable-libfreetype --enable-vapoursynth --enable-libsrt --enable-libzvbi --enable-libzmq --enable-vulkan --disable-ffnvcodec --enable-amf --enable-opencl --enable-libsvthevc --enable-libsvtvp9
$ make -j 4
GEN	libavutil/libavutil.version
GEN	libswscale/libswscale.version
GEN	libswresample/libswresample.version
GEN	libavcodec/libavcodec.version
GEN	libavformat/libavformat.version
GEN	libavfilter/libavfilter.version
GEN	libavdevice/libavdevice.version
CC	libavdevice/alldevices.o
CC	libavdevice/avdevice.o
CC	libavdevice/fbdev_common.o
CC	libavdevice/fbdev_dec.o
CC	libavdevice/fbdev_enc.o
CC	libavdevice/lavfi.o
CC	libavdevice/oss.o
CC	libavdevice/oss_dec.o
CC	libavdevice/oss_enc.o
CC	libavdevice/timefilter.o
CC	libavdevice/utils.o
CC	libavdevice/v4l2-common.o
CC	libavdevice/v4l2.o
CC	libavdevice/v4l2enc.o
CC	libavdevice/version.o
GEN	libavdevice/libavdevice.pc
CC	libavfilter/aeval.o
CC	libavfilter/af_aap.o
CC	libavfilter/af_acontrast.o
CC	libavfilter/af_acopy.o
CC	libavfilter/af_acrossover.o
CC	libavfilter/af_acrusher.o
CC	libavfilter/af_adeclick.o
CC	libavfilter/af_adecorrelate.o
CC	libavfilter/af_adelay.o
CC	libavfilter/af_adenorm.o
CC	libavfilter/af_aderivative.o
CC	libavfilter/af_adrc.o
CC	libavfilter/af_adynamicequalizer.o
CC	libavfilter/af_adynamicsmooth.o
CC	libavfilter/af_aecho.o
CC	libavfilter/af_aemphasis.o
CC	libavfilter/af_aexciter.o
CC	libavfilter/af_afade.o
CC	libavfilter/af_afftdn.o
CC	libavfilter/af_afftfilt.o
CC	libavfilter/af_afir.o
In file included from /usr/include/string.h:548,
                 from ./libavutil/common.h:40,
                 from libavfilter/af_afftfilt.c:23:
In function ‘memmove’,
    inlined from ‘filter_channel’ at libavfilter/af_afftfilt.c:298:9:
/usr/include/x86_64-linux-gnu/bits/string_fortified.h:36:10: warning: ‘__builtin_memmove’ specified bound between 18446744065119617024 and 18446744073709551608 exceeds maximum object size 9223372036854775807 [-Wstringop-overflow=]
   36 |   return __builtin___memmove_chk (__dest, __src, __len,
      |          ^~~~~~~~~~~~~~~~~~~~~~~~~~~~~~~~~~~~~~~~~~~~~~
   37 |                                   __glibc_objsize0 (__dest));
      |                                   ~~~~~~~~~~~~~~~~~~~~~~~~~~
CC	libavfilter/af_aformat.o
CC	libavfilter/af_afreqshift.o
CC	libavfilter/af_afwtdn.o
CC	libavfilter/af_agate.o
CC	libavfilter/af_aiir.o
CC	libavfilter/af_alimiter.o
CC	libavfilter/af_amerge.o
CC	libavfilter/af_amix.o
CC	libavfilter/af_amultiply.o
CC	libavfilter/af_anequalizer.o
CC	libavfilter/af_anlmdn.o
CC	libavfilter/af_anlms.o
CC	libavfilter/af_anull.o
CC	libavfilter/af_apad.o
CC	libavfilter/af_aphaser.o
CC	libavfilter/af_apsyclip.o
CC	libavfilter/af_apulsator.o
CC	libavfilter/af_aresample.o
CC	libavfilter/af_arls.o
CC	libavfilter/af_arnndn.o
CC	libavfilter/af_asdr.o
CC	libavfilter/af_asetnsamples.o
CC	libavfilter/af_asetrate.o
CC	libavfilter/af_ashowinfo.o
CC	libavfilter/af_asoftclip.o
CC	libavfilter/af_aspectralstats.o
CC	libavfilter/af_astats.o
CC	libavfilter/af_asubboost.o
CC	libavfilter/af_asupercut.o
CC	libavfilter/af_atempo.o
CC	libavfilter/af_atilt.o
CC	libavfilter/af_axcorrelate.o
CC	libavfilter/af_biquads.o
CC	libavfilter/af_channelmap.o
CC	libavfilter/af_channelsplit.o
CC	libavfilter/af_chorus.o
CC	libavfilter/af_compand.o
CC	libavfilter/af_compensationdelay.o
CC	libavfilter/af_crossfeed.o
CC	libavfilter/af_crystalizer.o
CC	libavfilter/af_dcshift.o
CC	libavfilter/af_deesser.o
CC	libavfilter/af_dialoguenhance.o
CC	libavfilter/af_drmeter.o
CC	libavfilter/af_dynaudnorm.o
CC	libavfilter/af_earwax.o
CC	libavfilter/af_extrastereo.o
CC	libavfilter/af_firequalizer.o
CC	libavfilter/af_flanger.o
CC	libavfilter/af_haas.o
CC	libavfilter/af_hdcd.o
CC	libavfilter/af_headphone.o
CC	libavfilter/af_join.o
In file included from /usr/include/string.h:548,
                 from ./libavutil/common.h:40,
                 from ./libavutil/avutil.h:300,
                 from libavfilter/avfilter.h:40,
                 from libavfilter/af_firequalizer.c:28:
In function ‘memset’,
    inlined from ‘generate_min_phase_kernel’ at libavfilter/af_firequalizer.c:559:5,
    inlined from ‘generate_kernel’ at libavfilter/af_firequalizer.c:691:13:
/usr/include/x86_64-linux-gnu/bits/string_fortified.h:59:10: warning: ‘__builtin_memset’ specified bound between 18446744069414584316 and 18446744073709551608 exceeds maximum object size 9223372036854775807 [-Wstringop-overflow=]
   59 |   return __builtin___memset_chk (__dest, __ch, __len,
      |          ^~~~~~~~~~~~~~~~~~~~~~~~~~~~~~~~~~~~~~~~~~~~
   60 |                                  __glibc_objsize0 (__dest));
      |                                  ~~~~~~~~~~~~~~~~~~~~~~~~~~
CC	libavfilter/af_loudnorm.o
CC	libavfilter/af_lv2.o
CC	libavfilter/af_mcompand.o
CC	libavfilter/af_pan.o
CC	libavfilter/af_replaygain.o
CC	libavfilter/af_sidechaincompress.o
CC	libavfilter/af_silencedetect.o
CC	libavfilter/af_silenceremove.o
CC	libavfilter/af_speechnorm.o
CC	libavfilter/af_stereotools.o
CC	libavfilter/af_stereowiden.o
CC	libavfilter/af_superequalizer.o
CC	libavfilter/af_surround.o
CC	libavfilter/af_tremolo.o
CC	libavfilter/af_vibrato.o
CC	libavfilter/af_virtualbass.o
CC	libavfilter/af_volume.o
CC	libavfilter/af_volumedetect.o
CC	libavfilter/allfilters.o
CC	libavfilter/asink_anullsink.o
CC	libavfilter/asrc_afdelaysrc.o
CC	libavfilter/asrc_afirsrc.o
CC	libavfilter/asrc_anoisesrc.o
CC	libavfilter/asrc_anullsrc.o
CC	libavfilter/asrc_hilbert.o
CC	libavfilter/asrc_sinc.o
CC	libavfilter/asrc_sine.o
CC	libavfilter/audio.o
CC	libavfilter/avf_a3dscope.o
CC	libavfilter/avf_abitscope.o
CC	libavfilter/avf_ahistogram.o
CC	libavfilter/avf_aphasemeter.o
CC	libavfilter/avf_avectorscope.o
CC	libavfilter/avf_concat.o
CC	libavfilter/avf_showcqt.o
CC	libavfilter/avf_showcwt.o
CC	libavfilter/avf_showfreqs.o
CC	libavfilter/avf_showspatial.o
CC	libavfilter/avf_showspectrum.o
CC	libavfilter/avf_showvolume.o
CC	libavfilter/avf_showwaves.o
CC	libavfilter/avfilter.o
CC	libavfilter/avfiltergraph.o
CC	libavfilter/bbox.o
CC	libavfilter/boxblur.o
CC	libavfilter/buffersink.o
CC	libavfilter/buffersrc.o
CC	libavfilter/bwdifdsp.o
CC	libavfilter/ccfifo.o
CC	libavfilter/colorspace.o
CC	libavfilter/colorspacedsp.o
CC	libavfilter/drawutils.o
CC	libavfilter/ebur128.o
CC	libavfilter/edge_common.o
CC	libavfilter/f_bench.o
CC	libavfilter/f_cue.o
CC	libavfilter/f_drawgraph.o
CC	libavfilter/f_ebur128.o
CC	libavfilter/f_graphmonitor.o
CC	libavfilter/f_interleave.o
CC	libavfilter/f_latency.o
CC	libavfilter/f_loop.o
CC	libavfilter/f_metadata.o
CC	libavfilter/f_perms.o
CC	libavfilter/f_realtime.o
CC	libavfilter/f_reverse.o
CC	libavfilter/f_segment.o
CC	libavfilter/f_select.o
CC	libavfilter/f_sendcmd.o
CC	libavfilter/f_sidedata.o
CC	libavfilter/f_streamselect.o
CC	libavfilter/f_zmq.o
CC	libavfilter/formats.o
CC	libavfilter/framepool.o
CC	libavfilter/framequeue.o
CC	libavfilter/framesync.o
CC	libavfilter/generate_wave_table.o
CC	libavfilter/graphdump.o
CC	libavfilter/graphparser.o
CC	libavfilter/lavfutils.o
CC	libavfilter/lswsutils.o
CC	libavfilter/motion_estimation.o
CC	libavfilter/opencl.o
OPENCL	libavfilter/opencl/avgblur.c
In file included from /home/runner/work/ffmpeg-build-script/ffmpeg-build-script/workspace/include/CL/cl.h:20,
                 from ./libavutil/hwcontext_opencl.h:25,
                 from libavfilter/opencl.h:31,
                 from libavfilter/opencl.c:27:
/home/runner/work/ffmpeg-build-script/ffmpeg-build-script/workspace/include/CL/cl_version.h:22:9: note: ‘#pragma message: cl_version.h: CL_TARGET_OPENCL_VERSION is not defined. Defaulting to 300 (OpenCL 3.0)’
   22 | #pragma message("cl_version.h: CL_TARGET_OPENCL_VERSION is not defined. Defaulting to 300 (OpenCL 3.0)")
      |         ^~~~~~~
OPENCL	libavfilter/opencl/colorkey.c
OPENCL	libavfilter/opencl/colorspace_common.c
OPENCL	libavfilter/opencl/convolution.c
OPENCL	libavfilter/opencl/deshake.c
OPENCL	libavfilter/opencl/neighbor.c
OPENCL	libavfilter/opencl/nlmeans.c
OPENCL	libavfilter/opencl/overlay.c
OPENCL	libavfilter/opencl/pad.c
OPENCL	libavfilter/opencl/remap.c
OPENCL	libavfilter/opencl/tonemap.c
OPENCL	libavfilter/opencl/transpose.c
OPENCL	libavfilter/opencl/unsharp.c
OPENCL	libavfilter/opencl/xfade.c
CC	libavfilter/palette.o
CC	libavfilter/perlin.o
CC	libavfilter/psnr.o
CC	libavfilter/pthread.o
CC	libavfilter/qp_table.o
CC	libavfilter/scale_eval.o
CC	libavfilter/scene_sad.o
CC	libavfilter/setpts.o
CC	libavfilter/settb.o
CC	libavfilter/split.o
CC	libavfilter/src_avsynctest.o
CC	libavfilter/src_movie.o
CC	libavfilter/transform.o
CC	libavfilter/trim.o
CC	libavfilter/vaapi_vpp.o
CC	libavfilter/vaf_spectrumsynth.o
CC	libavfilter/version.o
CC	libavfilter/vf_addroi.o
CC	libavfilter/vf_alphamerge.o
CC	libavfilter/vf_amf_common.o
CC	libavfilter/vf_amplify.o
CC	libavfilter/vf_aspect.o
CC	libavfilter/vf_atadenoise.o
CC	libavfilter/vf_avgblur.o
CC	libavfilter/vf_avgblur_opencl.o
In file included from /home/runner/work/ffmpeg-build-script/ffmpeg-build-script/workspace/include/CL/cl.h:20,
                 from ./libavutil/hwcontext_opencl.h:25,
                 from libavfilter/opencl.h:31,
                 from libavfilter/vf_avgblur_opencl.c:30:
/home/runner/work/ffmpeg-build-script/ffmpeg-build-script/workspace/include/CL/cl_version.h:22:9: note: ‘#pragma message: cl_version.h: CL_TARGET_OPENCL_VERSION is not defined. Defaulting to 300 (OpenCL 3.0)’
   22 | #pragma message("cl_version.h: CL_TARGET_OPENCL_VERSION is not defined. Defaulting to 300 (OpenCL 3.0)")
      |         ^~~~~~~
CC	libavfilter/vf_avgblur_vulkan.o
CC	libavfilter/vf_backgroundkey.o
CC	libavfilter/vf_bbox.o
CC	libavfilter/vf_bilateral.o
CC	libavfilter/vf_bitplanenoise.o
CC	libavfilter/vf_blackdetect.o
CC	libavfilter/vf_blackdetect_vulkan.o
CC	libavfilter/vf_blackframe.o
CC	libavfilter/vf_blend.o
CC	libavfilter/vf_blend_vulkan.o
CC	libavfilter/vf_blockdetect.o
CC	libavfilter/vf_blurdetect.o
CC	libavfilter/vf_bm3d.o
CC	libavfilter/vf_boxblur.o
CC	libavfilter/vf_bwdif.o
CC	libavfilter/vf_bwdif_vulkan.o
CC	libavfilter/vf_cas.o
CC	libavfilter/vf_ccrepack.o
CC	libavfilter/vf_chromaber_vulkan.o
CC	libavfilter/vf_chromakey.o
CC	libavfilter/vf_chromanr.o
CC	libavfilter/vf_chromashift.o
CC	libavfilter/vf_ciescope.o
CC	libavfilter/vf_codecview.o
CC	libavfilter/vf_colorbalance.o
CC	libavfilter/vf_colorchannelmixer.o
CC	libavfilter/vf_colorconstancy.o
CC	libavfilter/vf_colorcontrast.o
CC	libavfilter/vf_colorcorrect.o
CC	libavfilter/vf_colordetect.o
CC	libavfilter/vf_colorize.o
CC	libavfilter/vf_colorkey.o
CC	libavfilter/vf_colorkey_opencl.o
In file included from /home/runner/work/ffmpeg-build-script/ffmpeg-build-script/workspace/include/CL/cl.h:20,
                 from ./libavutil/hwcontext_opencl.h:25,
                 from libavfilter/opencl.h:31,
                 from libavfilter/vf_colorkey_opencl.c:22:
/home/runner/work/ffmpeg-build-script/ffmpeg-build-script/workspace/include/CL/cl_version.h:22:9: note: ‘#pragma message: cl_version.h: CL_TARGET_OPENCL_VERSION is not defined. Defaulting to 300 (OpenCL 3.0)’
   22 | #pragma message("cl_version.h: CL_TARGET_OPENCL_VERSION is not defined. Defaulting to 300 (OpenCL 3.0)")
      |         ^~~~~~~
CC	libavfilter/vf_colorlevels.o
CC	libavfilter/vf_colormap.o
CC	libavfilter/vf_colormatrix.o
CC	libavfilter/vf_colorspace.o
CC	libavfilter/vf_colortemperature.o
CC	libavfilter/vf_convolution.o
CC	libavfilter/vf_convolution_opencl.o
In file included from /home/runner/work/ffmpeg-build-script/ffmpeg-build-script/workspace/include/CL/cl.h:20,
                 from ./libavutil/hwcontext_opencl.h:25,
                 from libavfilter/opencl.h:31,
                 from libavfilter/vf_convolution_opencl.c:34:
/home/runner/work/ffmpeg-build-script/ffmpeg-build-script/workspace/include/CL/cl_version.h:22:9: note: ‘#pragma message: cl_version.h: CL_TARGET_OPENCL_VERSION is not defined. Defaulting to 300 (OpenCL 3.0)’
   22 | #pragma message("cl_version.h: CL_TARGET_OPENCL_VERSION is not defined. Defaulting to 300 (OpenCL 3.0)")
      |         ^~~~~~~
CC	libavfilter/vf_convolve.o
CC	libavfilter/vf_copy.o
CC	libavfilter/vf_corr.o
CC	libavfilter/vf_cover_rect.o
CC	libavfilter/vf_crop.o
CC	libavfilter/vf_cropdetect.o
CC	libavfilter/vf_curves.o
CC	libavfilter/vf_datascope.o
CC	libavfilter/vf_dblur.o
CC	libavfilter/vf_dctdnoiz.o
CC	libavfilter/vf_deband.o
CC	libavfilter/vf_deblock.o
CC	libavfilter/vf_decimate.o
CC	libavfilter/vf_dedot.o
CC	libavfilter/vf_deflicker.o
CC	libavfilter/vf_deinterlace_vaapi.o
CC	libavfilter/vf_dejudder.o
CC	libavfilter/vf_delogo.o
CC	libavfilter/vf_deshake.o
CC	libavfilter/vf_deshake_opencl.o
In file included from /home/runner/work/ffmpeg-build-script/ffmpeg-build-script/workspace/include/CL/cl.h:20,
                 from ./libavutil/hwcontext_opencl.h:25,
                 from libavfilter/opencl.h:31,
                 from libavfilter/vf_deshake_opencl.c:61:
/home/runner/work/ffmpeg-build-script/ffmpeg-build-script/workspace/include/CL/cl_version.h:22:9: note: ‘#pragma message: cl_version.h: CL_TARGET_OPENCL_VERSION is not defined. Defaulting to 300 (OpenCL 3.0)’
   22 | #pragma message("cl_version.h: CL_TARGET_OPENCL_VERSION is not defined. Defaulting to 300 (OpenCL 3.0)")
      |         ^~~~~~~
CC	libavfilter/vf_despill.o
CC	libavfilter/vf_detelecine.o
CC	libavfilter/vf_displace.o
CC	libavfilter/vf_drawbox.o
CC	libavfilter/vf_drawbox_vaapi.o
CC	libavfilter/vf_edgedetect.o
CC	libavfilter/vf_elbg.o
CC	libavfilter/vf_entropy.o
CC	libavfilter/vf_epx.o
CC	libavfilter/vf_eq.o
CC	libavfilter/vf_estdif.o
CC	libavfilter/vf_exposure.o
CC	libavfilter/vf_extractplanes.o
CC	libavfilter/vf_fade.o
CC	libavfilter/vf_feedback.o
CC	libavfilter/vf_fftdnoiz.o
CC	libavfilter/vf_fftfilt.o
CC	libavfilter/vf_field.o
CC	libavfilter/vf_fieldhint.o
CC	libavfilter/vf_fieldmatch.o
CC	libavfilter/vf_fieldorder.o
CC	libavfilter/vf_fillborders.o
CC	libavfilter/vf_find_rect.o
CC	libavfilter/vf_flip_vulkan.o
CC	libavfilter/vf_floodfill.o
CC	libavfilter/vf_format.o
CC	libavfilter/vf_fps.o
CC	libavfilter/vf_framepack.o
CC	libavfilter/vf_framerate.o
CC	libavfilter/vf_framestep.o
CC	libavfilter/vf_freezedetect.o
CC	libavfilter/vf_freezeframes.o
CC	libavfilter/vf_fspp.o
CC	libavfilter/vf_fsppdsp.o
CC	libavfilter/vf_fsync.o
CC	libavfilter/vf_gblur.o
CC	libavfilter/vf_gblur_vulkan.o
CC	libavfilter/vf_geq.o
CC	libavfilter/vf_gradfun.o
CC	libavfilter/vf_grayworld.o
CC	libavfilter/vf_guided.o
CC	libavfilter/vf_hflip.o
CC	libavfilter/vf_histeq.o
CC	libavfilter/vf_histogram.o
CC	libavfilter/vf_hqdn3d.o
CC	libavfilter/vf_hqx.o
CC	libavfilter/vf_hsvkey.o
CC	libavfilter/vf_hue.o
CC	libavfilter/vf_huesaturation.o
CC	libavfilter/vf_hwdownload.o
CC	libavfilter/vf_hwmap.o
CC	libavfilter/vf_hwupload.o
CC	libavfilter/vf_hysteresis.o
CC	libavfilter/vf_identity.o
CC	libavfilter/vf_idet.o
CC	libavfilter/vf_idetdsp.o
CC	libavfilter/vf_il.o
CC	libavfilter/vf_interlace_vulkan.o
CC	libavfilter/vf_kerndeint.o
CC	libavfilter/vf_lagfun.o
CC	libavfilter/vf_lenscorrection.o
CC	libavfilter/vf_libvmaf.o
CC	libavfilter/vf_limitdiff.o
CC	libavfilter/vf_limiter.o
CC	libavfilter/vf_lumakey.o
CC	libavfilter/vf_lut.o
CC	libavfilter/vf_lut2.o
CC	libavfilter/vf_lut3d.o
CC	libavfilter/vf_maskedclamp.o
CC	libavfilter/vf_maskedmerge.o
CC	libavfilter/vf_maskedminmax.o
CC	libavfilter/vf_maskedthreshold.o
CC	libavfilter/vf_maskfun.o
CC	libavfilter/vf_mcdeint.o
libavfilter/vf_mcdeint.c: In function ‘config_props’:
libavfilter/vf_mcdeint.c:143:23: warning: this statement may fall through [-Wimplicit-fallthrough=]
  143 |         enc_ctx->refs = 3;
      |         ~~~~~~~~~~~~~~^~~
libavfilter/vf_mcdeint.c:144:5: note: here
  144 |     case MODE_SLOW:
      |     ^~~~
libavfilter/vf_mcdeint.c:145:9: warning: this statement may fall through [-Wimplicit-fallthrough=]
  145 |         av_dict_set(&opts, "motion_est", "iter", 0);
      |         ^~~~~~~~~~~~~~~~~~~~~~~~~~~~~~~~~~~~~~~~~~~
libavfilter/vf_mcdeint.c:146:5: note: here
  146 |     case MODE_MEDIUM:
      |     ^~~~
libavfilter/vf_mcdeint.c:148:27: warning: this statement may fall through [-Wimplicit-fallthrough=]
  148 |         enc_ctx->dia_size = 2;
      |         ~~~~~~~~~~~~~~~~~~^~~
libavfilter/vf_mcdeint.c:149:5: note: here
  149 |     case MODE_FAST:
      |     ^~~~
CC	libavfilter/vf_median.o
CC	libavfilter/vf_mergeplanes.o
In file included from libavfilter/vf_median.c:53:
libavfilter/median_template.c: In function ‘filter_plane_16’:
libavfilter/median_template.c:50:16: warning: stack usage is 132384 bytes [-Wstack-usage=]
   50 | static void fn(filter_plane)(AVFilterContext *ctx, const uint8_t *ssrc, int src_linesize,
      |                ^~~~~~~~~~~~
libavfilter/median_template.c:43:20: note: in definition of macro ‘fn3’
   43 | #define fn3(a,b)   a##_##b
      |                    ^
libavfilter/median_template.c:45:20: note: in expansion of macro ‘fn2’
   45 | #define fn(a)      fn2(a, DEPTH)
      |                    ^~~
libavfilter/median_template.c:50:13: note: in expansion of macro ‘fn’
   50 | static void fn(filter_plane)(AVFilterContext *ctx, const uint8_t *ssrc, int src_linesize,
      |             ^~
CC	libavfilter/vf_mestimate.o
CC	libavfilter/vf_midequalizer.o
CC	libavfilter/vf_minterpolate.o
CC	libavfilter/vf_misc_vaapi.o
CC	libavfilter/vf_mix.o
CC	libavfilter/vf_monochrome.o
CC	libavfilter/vf_morpho.o
CC	libavfilter/vf_mpdecimate.o
CC	libavfilter/vf_multiply.o
CC	libavfilter/vf_negate.o
CC	libavfilter/vf_neighbor.o
CC	libavfilter/vf_neighbor_opencl.o
In file included from /home/runner/work/ffmpeg-build-script/ffmpeg-build-script/workspace/include/CL/cl.h:20,
                 from ./libavutil/hwcontext_opencl.h:25,
                 from libavfilter/opencl.h:31,
                 from libavfilter/vf_neighbor_opencl.c:32:
/home/runner/work/ffmpeg-build-script/ffmpeg-build-script/workspace/include/CL/cl_version.h:22:9: note: ‘#pragma message: cl_version.h: CL_TARGET_OPENCL_VERSION is not defined. Defaulting to 300 (OpenCL 3.0)’
   22 | #pragma message("cl_version.h: CL_TARGET_OPENCL_VERSION is not defined. Defaulting to 300 (OpenCL 3.0)")
      |         ^~~~~~~
CC	libavfilter/vf_nlmeans.o
CC	libavfilter/vf_nlmeans_opencl.o
In file included from /home/runner/work/ffmpeg-build-script/ffmpeg-build-script/workspace/include/CL/cl.h:20,
                 from ./libavutil/hwcontext_opencl.h:25,
                 from libavfilter/opencl.h:31,
                 from libavfilter/vf_nlmeans_opencl.c:29:
/home/runner/work/ffmpeg-build-script/ffmpeg-build-script/workspace/include/CL/cl_version.h:22:9: note: ‘#pragma message: cl_version.h: CL_TARGET_OPENCL_VERSION is not defined. Defaulting to 300 (OpenCL 3.0)’
   22 | #pragma message("cl_version.h: CL_TARGET_OPENCL_VERSION is not defined. Defaulting to 300 (OpenCL 3.0)")
      |         ^~~~~~~
CC	libavfilter/vf_nlmeans_vulkan.o
CC	libavfilter/vf_nnedi.o
CC	libavfilter/vf_noise.o
CC	libavfilter/vf_normalize.o
CC	libavfilter/vf_null.o
CC	libavfilter/vf_overlay.o
CC	libavfilter/vf_overlay_opencl.o
In file included from /home/runner/work/ffmpeg-build-script/ffmpeg-build-script/workspace/include/CL/cl.h:20,
                 from ./libavutil/hwcontext_opencl.h:25,
                 from libavfilter/opencl.h:31,
                 from libavfilter/vf_overlay_opencl.c:26:
/home/runner/work/ffmpeg-build-script/ffmpeg-build-script/workspace/include/CL/cl_version.h:22:9: note: ‘#pragma message: cl_version.h: CL_TARGET_OPENCL_VERSION is not defined. Defaulting to 300 (OpenCL 3.0)’
   22 | #pragma message("cl_version.h: CL_TARGET_OPENCL_VERSION is not defined. Defaulting to 300 (OpenCL 3.0)")
      |         ^~~~~~~
CC	libavfilter/vf_overlay_vaapi.o
CC	libavfilter/vf_overlay_vulkan.o
CC	libavfilter/vf_owdenoise.o
CC	libavfilter/vf_pad.o
CC	libavfilter/vf_pad_opencl.o
In file included from /home/runner/work/ffmpeg-build-script/ffmpeg-build-script/workspace/include/CL/cl.h:20,
                 from ./libavutil/hwcontext_opencl.h:25,
                 from libavfilter/opencl.h:31,
                 from libavfilter/vf_pad_opencl.c:26:
/home/runner/work/ffmpeg-build-script/ffmpeg-build-script/workspace/include/CL/cl_version.h:22:9: note: ‘#pragma message: cl_version.h: CL_TARGET_OPENCL_VERSION is not defined. Defaulting to 300 (OpenCL 3.0)’
   22 | #pragma message("cl_version.h: CL_TARGET_OPENCL_VERSION is not defined. Defaulting to 300 (OpenCL 3.0)")
      |         ^~~~~~~
CC	libavfilter/vf_pad_vaapi.o
CC	libavfilter/vf_palettegen.o
CC	libavfilter/vf_paletteuse.o
CC	libavfilter/vf_perspective.o
CC	libavfilter/vf_phase.o
CC	libavfilter/vf_photosensitivity.o
CC	libavfilter/vf_pixdesctest.o
CC	libavfilter/vf_pixelize.o
CC	libavfilter/vf_pp7.o
CC	libavfilter/vf_premultiply.o
CC	libavfilter/vf_procamp_vaapi.o
CC	libavfilter/vf_program_opencl.o
In file included from /home/runner/work/ffmpeg-build-script/ffmpeg-build-script/workspace/include/CL/cl.h:20,
                 from ./libavutil/hwcontext_opencl.h:25,
                 from libavfilter/opencl.h:31,
                 from libavfilter/vf_program_opencl.c:30:
/home/runner/work/ffmpeg-build-script/ffmpeg-build-script/workspace/include/CL/cl_version.h:22:9: note: ‘#pragma message: cl_version.h: CL_TARGET_OPENCL_VERSION is not defined. Defaulting to 300 (OpenCL 3.0)’
   22 | #pragma message("cl_version.h: CL_TARGET_OPENCL_VERSION is not defined. Defaulting to 300 (OpenCL 3.0)")
      |         ^~~~~~~
CC	libavfilter/vf_pseudocolor.o
CC	libavfilter/vf_psnr.o
CC	libavfilter/vf_pullup.o
CC	libavfilter/vf_qp.o
CC	libavfilter/vf_random.o
CC	libavfilter/vf_readeia608.o
CC	libavfilter/vf_readvitc.o
CC	libavfilter/vf_remap.o
CC	libavfilter/vf_remap_opencl.o
In file included from /home/runner/work/ffmpeg-build-script/ffmpeg-build-script/workspace/include/CL/cl.h:20,
                 from ./libavutil/hwcontext_opencl.h:25,
                 from libavfilter/opencl.h:31,
                 from libavfilter/vf_remap_opencl.c:28:
/home/runner/work/ffmpeg-build-script/ffmpeg-build-script/workspace/include/CL/cl_version.h:22:9: note: ‘#pragma message: cl_version.h: CL_TARGET_OPENCL_VERSION is not defined. Defaulting to 300 (OpenCL 3.0)’
   22 | #pragma message("cl_version.h: CL_TARGET_OPENCL_VERSION is not defined. Defaulting to 300 (OpenCL 3.0)")
      |         ^~~~~~~
CC	libavfilter/vf_removegrain.o
CC	libavfilter/vf_removelogo.o
CC	libavfilter/vf_repeatfields.o
CC	libavfilter/vf_rotate.o
CC	libavfilter/vf_sab.o
CC	libavfilter/vf_scale.o
CC	libavfilter/vf_scale_vaapi.o
CC	libavfilter/vf_scale_vulkan.o
CC	libavfilter/vf_scdet.o
CC	libavfilter/vf_scdet_vulkan.o
CC	libavfilter/vf_scroll.o
CC	libavfilter/vf_selectivecolor.o
CC	libavfilter/vf_separatefields.o
CC	libavfilter/vf_setparams.o
CC	libavfilter/vf_shear.o
CC	libavfilter/vf_showinfo.o
CC	libavfilter/vf_showpalette.o
CC	libavfilter/vf_shuffleframes.o
CC	libavfilter/vf_shufflepixels.o
CC	libavfilter/vf_shuffleplanes.o
CC	libavfilter/vf_signalstats.o
CC	libavfilter/vf_signature.o
CC	libavfilter/vf_siti.o
CC	libavfilter/vf_smartblur.o
CC	libavfilter/vf_spp.o
CC	libavfilter/vf_sr_amf.o
CC	libavfilter/vf_ssim.o
CC	libavfilter/vf_ssim360.o
CC	libavfilter/vf_stack.o
CC	libavfilter/vf_stack_vaapi.o
CC	libavfilter/vf_stereo3d.o
CC	libavfilter/vf_super2xsai.o
CC	libavfilter/vf_swaprect.o
CC	libavfilter/vf_swapuv.o
CC	libavfilter/vf_telecine.o
CC	libavfilter/vf_threshold.o
CC	libavfilter/vf_thumbnail.o
CC	libavfilter/vf_tile.o
CC	libavfilter/vf_tiltandshift.o
CC	libavfilter/vf_tinterlace.o
CC	libavfilter/vf_tmidequalizer.o
CC	libavfilter/vf_tonemap.o
CC	libavfilter/vf_tonemap_opencl.o
CC	libavfilter/vf_tonemap_vaapi.o
In file included from /home/runner/work/ffmpeg-build-script/ffmpeg-build-script/workspace/include/CL/cl.h:20,
                 from ./libavutil/hwcontext_opencl.h:25,
                 from libavfilter/opencl.h:31,
                 from libavfilter/vf_tonemap_opencl.c:28:
/home/runner/work/ffmpeg-build-script/ffmpeg-build-script/workspace/include/CL/cl_version.h:22:9: note: ‘#pragma message: cl_version.h: CL_TARGET_OPENCL_VERSION is not defined. Defaulting to 300 (OpenCL 3.0)’
   22 | #pragma message("cl_version.h: CL_TARGET_OPENCL_VERSION is not defined. Defaulting to 300 (OpenCL 3.0)")
      |         ^~~~~~~
CC	libavfilter/vf_tpad.o
CC	libavfilter/vf_transpose.o
CC	libavfilter/vf_transpose_opencl.o
In file included from /home/runner/work/ffmpeg-build-script/ffmpeg-build-script/workspace/include/CL/cl.h:20,
                 from ./libavutil/hwcontext_opencl.h:25,
                 from libavfilter/opencl.h:31,
                 from libavfilter/vf_transpose_opencl.c:27:
/home/runner/work/ffmpeg-build-script/ffmpeg-build-script/workspace/include/CL/cl_version.h:22:9: note: ‘#pragma message: cl_version.h: CL_TARGET_OPENCL_VERSION is not defined. Defaulting to 300 (OpenCL 3.0)’
   22 | #pragma message("cl_version.h: CL_TARGET_OPENCL_VERSION is not defined. Defaulting to 300 (OpenCL 3.0)")
      |         ^~~~~~~
CC	libavfilter/vf_transpose_vaapi.o
CC	libavfilter/vf_transpose_vulkan.o
CC	libavfilter/vf_unsharp.o
CC	libavfilter/vf_unsharp_opencl.o
CC	libavfilter/vf_untile.o
In file included from /home/runner/work/ffmpeg-build-script/ffmpeg-build-script/workspace/include/CL/cl.h:20,
                 from ./libavutil/hwcontext_opencl.h:25,
                 from libavfilter/opencl.h:31,
                 from libavfilter/vf_unsharp_opencl.c:27:
/home/runner/work/ffmpeg-build-script/ffmpeg-build-script/workspace/include/CL/cl_version.h:22:9: note: ‘#pragma message: cl_version.h: CL_TARGET_OPENCL_VERSION is not defined. Defaulting to 300 (OpenCL 3.0)’
   22 | #pragma message("cl_version.h: CL_TARGET_OPENCL_VERSION is not defined. Defaulting to 300 (OpenCL 3.0)")
      |         ^~~~~~~
CC	libavfilter/vf_uspp.o
CC	libavfilter/vf_v360.o
CC	libavfilter/vf_v360_vulkan.o
CC	libavfilter/vf_vaguedenoiser.o
CC	libavfilter/vf_varblur.o
CC	libavfilter/vf_vectorscope.o
CC	libavfilter/vf_vflip.o
CC	libavfilter/vf_vfrdet.o
CC	libavfilter/vf_vibrance.o
CC	libavfilter/vf_vidstabdetect.o
CC	libavfilter/vf_vidstabtransform.o
CC	libavfilter/vf_vif.o
CC	libavfilter/vf_vignette.o
CC	libavfilter/vf_vmafmotion.o
CC	libavfilter/vf_vpp_amf.o
CC	libavfilter/vf_w3fdif.o
CC	libavfilter/vf_waveform.o
CC	libavfilter/vf_weave.o
CC	libavfilter/vf_xbr.o
CC	libavfilter/vf_xfade.o
CC	libavfilter/vf_xfade_opencl.o
In file included from /home/runner/work/ffmpeg-build-script/ffmpeg-build-script/workspace/include/CL/cl.h:20,
                 from ./libavutil/hwcontext_opencl.h:25,
                 from libavfilter/opencl.h:31,
                 from libavfilter/vf_xfade_opencl.c:25:
/home/runner/work/ffmpeg-build-script/ffmpeg-build-script/workspace/include/CL/cl_version.h:22:9: note: ‘#pragma message: cl_version.h: CL_TARGET_OPENCL_VERSION is not defined. Defaulting to 300 (OpenCL 3.0)’
   22 | #pragma message("cl_version.h: CL_TARGET_OPENCL_VERSION is not defined. Defaulting to 300 (OpenCL 3.0)")
      |         ^~~~~~~
CC	libavfilter/vf_xfade_vulkan.o
CC	libavfilter/vf_xmedian.o
CC	libavfilter/vf_xpsnr.o
CC	libavfilter/vf_yadif.o
CC	libavfilter/vf_yaepblur.o
CC	libavfilter/vf_zoompan.o
CC	libavfilter/vf_zscale.o
CC	libavfilter/video.o
CC	libavfilter/vidstabutils.o
CC	libavfilter/vsink_nullsink.o
CC	libavfilter/vsrc_amf.o
CC	libavfilter/vsrc_cellauto.o
CC	libavfilter/vsrc_gradients.o
CC	libavfilter/vsrc_life.o
CC	libavfilter/vsrc_mandelbrot.o
CC	libavfilter/vsrc_mptestsrc.o
CC	libavfilter/vsrc_perlin.o
CC	libavfilter/vsrc_sierpinski.o
CC	libavfilter/vsrc_testsrc.o
CC	libavfilter/vsrc_testsrc_vulkan.o
CC	libavfilter/vulkan.o
HOSTCC	ffbuild/bin2c_host.o
GLSLC	libavfilter/vulkan/avgblur.comp.spv
libavfilter/vulkan/avgblur.comp.glsl
GLSLC	libavfilter/vulkan/blackdetect.comp.spv
libavfilter/vulkan/blackdetect.comp.glsl
GLSLC	libavfilter/vulkan/blend.comp.spv
libavfilter/vulkan/blend.comp.glsl
GLSLC	libavfilter/vulkan/bwdif.comp.spv
GLSLC	libavfilter/vulkan/chromaber.comp.spv
libavfilter/vulkan/bwdif.comp.glsl
GLSLC	libavfilter/vulkan/color.comp.spv
libavfilter/vulkan/chromaber.comp.glsl
GLSLC	libavfilter/vulkan/debayer.comp.spv
libavfilter/vulkan/color.comp.glsl
GLSLC	libavfilter/vulkan/flip.comp.spv
libavfilter/vulkan/debayer.comp.glsl
GLSLC	libavfilter/vulkan/gblur.comp.spv
GLSLC	libavfilter/vulkan/interlace.comp.spv
libavfilter/vulkan/flip.comp.glsl
GLSLC	libavfilter/vulkan/nlmeans_denoise.comp.spv
libavfilter/vulkan/gblur.comp.glsl
GLSLC	libavfilter/vulkan/nlmeans_horizontal.comp.spv
libavfilter/vulkan/interlace.comp.glsl
GLSLC	libavfilter/vulkan/nlmeans_vertical.comp.spv
libavfilter/vulkan/nlmeans_denoise.comp.glsl
GLSLC	libavfilter/vulkan/nlmeans_weights.comp.spv
libavfilter/vulkan/nlmeans_horizontal.comp.glsl
GLSLC	libavfilter/vulkan/overlay.comp.spv
libavfilter/vulkan/nlmeans_vertical.comp.glsl
GLSLC	libavfilter/vulkan/scale.comp.spv
libavfilter/vulkan/nlmeans_weights.comp.glsl
GLSLC	libavfilter/vulkan/scdet.comp.spv
libavfilter/vulkan/overlay.comp.glsl
GLSLC	libavfilter/vulkan/transpose.comp.spv
libavfilter/vulkan/scale.comp.glsl
GLSLC	libavfilter/vulkan/v360.comp.spv
libavfilter/vulkan/scdet.comp.glsl
GLSLC	libavfilter/vulkan/xfade.comp.spv
libavfilter/vulkan/transpose.comp.glsl
CC	libavfilter/vulkan_filter.o
libavfilter/vulkan/v360.comp.glsl
X86ASM	libavfilter/x86/af_afir.o
libavfilter/vulkan/xfade.comp.glsl
CC	libavfilter/x86/af_afir_init.o
X86ASM	libavfilter/x86/af_anlmdn.o
CC	libavfilter/x86/af_anlmdn_init.o
STRIP	libavfilter/x86/af_afir.o
X86ASM	libavfilter/x86/af_volume.o
STRIP	libavfilter/x86/af_anlmdn.o
CC	libavfilter/x86/af_volume_init.o
X86ASM	libavfilter/x86/avf_showcqt.o
CC	libavfilter/x86/avf_showcqt_init.o
X86ASM	libavfilter/x86/colorspacedsp.o
STRIP	libavfilter/x86/af_volume.o
CC	libavfilter/x86/colorspacedsp_init.o
X86ASM	libavfilter/x86/f_ebur128.o
CC	libavfilter/x86/f_ebur128_init.o
X86ASM	libavfilter/x86/scene_sad.o
STRIP	libavfilter/x86/f_ebur128.o
CC	libavfilter/x86/scene_sad_init.o
X86ASM	libavfilter/x86/vf_atadenoise.o
STRIP	libavfilter/x86/avf_showcqt.o
CC	libavfilter/x86/vf_atadenoise_init.o
STRIP	libavfilter/x86/scene_sad.o
X86ASM	libavfilter/x86/vf_blackdetect.o
CC	libavfilter/x86/vf_blackdetect_init.o
X86ASM	libavfilter/x86/vf_blend.o
STRIP	libavfilter/x86/vf_blackdetect.o
CC	libavfilter/x86/vf_blend_init.o
STRIP	libavfilter/x86/vf_atadenoise.o
X86ASM	libavfilter/x86/vf_bwdif.o
CC	libavfilter/x86/vf_bwdif_init.o
X86ASM	libavfilter/x86/vf_colordetect.o
STRIP	libavfilter/x86/vf_colordetect.o
CC	libavfilter/x86/vf_colordetect_init.o
X86ASM	libavfilter/x86/vf_convolution.o
STRIP	libavfilter/x86/vf_blend.o
CC	libavfilter/x86/vf_convolution_init.o
X86ASM	libavfilter/x86/vf_eq.o
STRIP	libavfilter/x86/vf_convolution.o
CC	libavfilter/x86/vf_eq_init.o
STRIP	libavfilter/x86/vf_eq.o
X86ASM	libavfilter/x86/vf_framerate.o
CC	libavfilter/x86/vf_framerate_init.o
X86ASM	libavfilter/x86/vf_fspp.o
STRIP	libavfilter/x86/vf_framerate.o
CC	libavfilter/x86/vf_fspp_init.o
X86ASM	libavfilter/x86/vf_gblur.o
STRIP	libavfilter/x86/vf_fspp.o
CC	libavfilter/x86/vf_gblur_init.o
X86ASM	libavfilter/x86/vf_gradfun.o
STRIP	libavfilter/x86/vf_gradfun.o
CC	libavfilter/x86/vf_gradfun_init.o
X86ASM	libavfilter/x86/vf_hflip.o
STRIP	libavfilter/x86/vf_gblur.o
CC	libavfilter/x86/vf_hflip_init.o
X86ASM	libavfilter/x86/vf_hqdn3d.o
STRIP	libavfilter/x86/vf_bwdif.o
CC	libavfilter/x86/vf_hqdn3d_init.o
X86ASM	libavfilter/x86/vf_idetdsp.o
STRIP	libavfilter/x86/vf_hflip.o
CC	libavfilter/x86/vf_idetdsp_init.o
STRIP	libavfilter/x86/vf_hqdn3d.o
X86ASM	libavfilter/x86/vf_interlace.o
X86ASM	libavfilter/x86/vf_limiter.o
STRIP	libavfilter/x86/vf_limiter.o
CC	libavfilter/x86/vf_limiter_init.o
STRIP	libavfilter/x86/vf_idetdsp.o
X86ASM	libavfilter/x86/vf_lut3d.o
CC	libavfilter/x86/vf_lut3d_init.o
X86ASM	libavfilter/x86/vf_maskedclamp.o
STRIP	libavfilter/x86/vf_interlace.o
CC	libavfilter/x86/vf_maskedclamp_init.o
X86ASM	libavfilter/x86/vf_maskedmerge.o
STRIP	libavfilter/x86/vf_maskedclamp.o
CC	libavfilter/x86/vf_maskedmerge_init.o
X86ASM	libavfilter/x86/vf_nlmeans.o
STRIP	libavfilter/x86/vf_maskedmerge.o
CC	libavfilter/x86/vf_nlmeans_init.o
CC	libavfilter/x86/vf_noise.o
X86ASM	libavfilter/x86/vf_overlay.o
STRIP	libavfilter/x86/vf_nlmeans.o
CC	libavfilter/x86/vf_overlay_init.o
X86ASM	libavfilter/x86/vf_pp7.o
STRIP	libavfilter/x86/vf_overlay.o
CC	libavfilter/x86/vf_pp7_init.o
X86ASM	libavfilter/x86/vf_psnr.o
STRIP	libavfilter/x86/vf_pp7.o
CC	libavfilter/x86/vf_psnr_init.o
X86ASM	libavfilter/x86/vf_pullup.o
STRIP	libavfilter/x86/vf_psnr.o
CC	libavfilter/x86/vf_pullup_init.o
STRIP	libavfilter/x86/vf_pullup.o
X86ASM	libavfilter/x86/vf_removegrain.o
CC	libavfilter/x86/vf_removegrain_init.o
CC	libavfilter/x86/vf_spp.o
X86ASM	libavfilter/x86/vf_ssim.o
STRIP	libavfilter/x86/vf_ssim.o
CC	libavfilter/x86/vf_ssim_init.o
X86ASM	libavfilter/x86/vf_stereo3d.o
STRIP	libavfilter/x86/colorspacedsp.o
CC	libavfilter/x86/vf_stereo3d_init.o
X86ASM	libavfilter/x86/vf_threshold.o
STRIP	libavfilter/x86/vf_stereo3d.o
CC	libavfilter/x86/vf_threshold_init.o
STRIP	libavfilter/x86/vf_threshold.o
CC	libavfilter/x86/vf_tinterlace_init.o
X86ASM	libavfilter/x86/vf_transpose.o
CC	libavfilter/x86/vf_transpose_init.o
X86ASM	libavfilter/x86/vf_v360.o
STRIP	libavfilter/x86/vf_transpose.o
CC	libavfilter/x86/vf_v360_init.o
X86ASM	libavfilter/x86/vf_w3fdif.o
STRIP	libavfilter/x86/vf_v360.o
CC	libavfilter/x86/vf_w3fdif_init.o
X86ASM	libavfilter/x86/vf_yadif.o
STRIP	libavfilter/x86/vf_w3fdif.o
CC	libavfilter/x86/vf_yadif_init.o
X86ASM	libavfilter/x86/yadif-10.o
STRIP	libavfilter/x86/vf_removegrain.o
X86ASM	libavfilter/x86/yadif-16.o
STRIP	libavfilter/x86/vf_lut3d.o
CC	libavfilter/yadif_common.o
GEN	libavfilter/libavfilter.pc
CC	libavformat/3dostr.o
CC	libavformat/4xm.o
CC	libavformat/a64.o
CC	libavformat/aacdec.o
CC	libavformat/aadec.o
CC	libavformat/aaxdec.o
STRIP	libavfilter/x86/vf_yadif.o
CC	libavformat/ac3dec.o
STRIP	libavfilter/x86/yadif-10.o
CC	libavformat/ac4dec.o
CC	libavformat/ac4enc.o
CC	libavformat/acedec.o
CC	libavformat/acm.o
CC	libavformat/act.o
CC	libavformat/adp.o
CC	libavformat/ads.o
CC	libavformat/adtsenc.o
CC	libavformat/adxdec.o
CC	libavformat/aeadec.o
CC	libavformat/aeaenc.o
CC	libavformat/afc.o
CC	libavformat/aiff.o
CC	libavformat/aiffdec.o
CC	libavformat/aiffenc.o
CC	libavformat/aixdec.o
CC	libavformat/allformats.o
CC	libavformat/alp.o
CC	libavformat/amr.o
CC	libavformat/amvenc.o
CC	libavformat/anm.o
STRIP	libavfilter/x86/yadif-16.o
CC	libavformat/apac.o
CC	libavformat/apc.o
CC	libavformat/ape.o
CC	libavformat/apetag.o
CC	libavformat/apm.o
CC	libavformat/apngdec.o
CC	libavformat/apngenc.o
CC	libavformat/aptxdec.o
CC	libavformat/apv.o
CC	libavformat/apvdec.o
CC	libavformat/apvenc.o
CC	libavformat/aqtitledec.o
CC	libavformat/argo_asf.o
CC	libavformat/argo_brp.o
CC	libavformat/argo_cvg.o
CC	libavformat/asf.o
CC	libavformat/asf_tags.o
CC	libavformat/asfcrypt.o
CC	libavformat/asfdec_f.o
CC	libavformat/asfdec_o.o
CC	libavformat/asfenc.o
CC	libavformat/assdec.o
CC	libavformat/assenc.o
CC	libavformat/ast.o
CC	libavformat/astdec.o
CC	libavformat/astenc.o
CC	libavformat/async.o
CC	libavformat/au.o
CC	libavformat/av1.o
CC	libavformat/av1dec.o
CC	libavformat/avc.o
CC	libavformat/avformat.o
CC	libavformat/avidec.o
CC	libavformat/avienc.o
CC	libavformat/avio.o
CC	libavformat/aviobuf.o
CC	libavformat/avlanguage.o
CC	libavformat/avr.o
CC	libavformat/avs.o
CC	libavformat/avs2dec.o
CC	libavformat/avs3dec.o
CC	libavformat/bethsoftvid.o
CC	libavformat/bfi.o
CC	libavformat/bink.o
CC	libavformat/binka.o
CC	libavformat/bintext.o
CC	libavformat/bit.o
CC	libavformat/bmv.o
CC	libavformat/boadec.o
CC	libavformat/bonk.o
CC	libavformat/brstm.o
CC	libavformat/c93.o
CC	libavformat/cache.o
CC	libavformat/caf.o
CC	libavformat/cafdec.o
CC	libavformat/cafenc.o
CC	libavformat/cavsvideodec.o
CC	libavformat/cbs.o
CC	libavformat/cbs_apv.o
CC	libavformat/cbs_av1.o
CC	libavformat/cdg.o
CC	libavformat/cdxl.o
CC	libavformat/cinedec.o
CC	libavformat/codec2.o
CC	libavformat/codecstring.o
CC	libavformat/concat.o
CC	libavformat/concatdec.o
CC	libavformat/crcenc.o
CC	libavformat/crypto.o
CC	libavformat/dash.o
CC	libavformat/dashenc.o
CC	libavformat/data_uri.o
CC	libavformat/dauddec.o
CC	libavformat/daudenc.o
CC	libavformat/dcstr.o
CC	libavformat/demux.o
CC	libavformat/demux_utils.o
libavformat/dashenc.c: In function ‘dash_init’:
libavformat/dashenc.c:1459:65: warning: ‘-stream’ directive output may be truncated writing 7 bytes into a region of size between 1 and 1024 [-Wformat-truncation=]
 1459 |                 snprintf(os->initfile, sizeof(os->initfile), "%s-stream%d.%s", basename, i, os->format_name);
      |                                                                 ^~~~~~~
libavformat/dashenc.c:1459:62: note: directive argument in the range [0, 2147483647]
 1459 |                 snprintf(os->initfile, sizeof(os->initfile), "%s-stream%d.%s", basename, i, os->format_name);
      |                                                              ^~~~~~~~~~~~~~~~
In file included from /usr/include/stdio.h:980,
                 from ./libavutil/common.h:38,
                 from ./libavutil/avutil.h:300,
                 from libavformat/dashenc.c:31:
In function ‘snprintf’,
    inlined from ‘dash_init’ at libavformat/dashenc.c:1459:17:
/usr/include/x86_64-linux-gnu/bits/stdio2.h:54:10: note: ‘__builtin___snprintf_chk’ output 10 or more bytes (assuming 1042) into a destination of size 1024
   54 |   return __builtin___snprintf_chk (__s, __n, __USE_FORTIFY_LEVEL - 1,
      |          ^~~~~~~~~~~~~~~~~~~~~~~~~~~~~~~~~~~~~~~~~~~~~~~~~~~~~~~~~~~~
   55 |                                    __glibc_objsize (__s), __fmt,
      |                                    ~~~~~~~~~~~~~~~~~~~~~~~~~~~~~
   56 |                                    __va_arg_pack ());
      |                                    ~~~~~~~~~~~~~~~~~
libavformat/dashenc.c: In function ‘dash_init’:
libavformat/dashenc.c:1463:49: warning: ‘%s’ directive output may be truncated writing up to 1023 bytes into a region of size between 1 and 1024 [-Wformat-truncation=]
 1463 |         snprintf(filename, sizeof(filename), "%s%s", c->dirname, os->initfile);
      |                                                 ^~
In function ‘snprintf’,
    inlined from ‘dash_init’ at libavformat/dashenc.c:1463:9:
/usr/include/x86_64-linux-gnu/bits/stdio2.h:54:10: note: ‘__builtin___snprintf_chk’ output between 1 and 2047 bytes into a destination of size 1024
   54 |   return __builtin___snprintf_chk (__s, __n, __USE_FORTIFY_LEVEL - 1,
      |          ^~~~~~~~~~~~~~~~~~~~~~~~~~~~~~~~~~~~~~~~~~~~~~~~~~~~~~~~~~~~
   55 |                                    __glibc_objsize (__s), __fmt,
      |                                    ~~~~~~~~~~~~~~~~~~~~~~~~~~~~~
   56 |                                    __va_arg_pack ());
      |                                    ~~~~~~~~~~~~~~~~~
CC	libavformat/derf.o
CC	libavformat/dfa.o
libavformat/dashenc.c: In function ‘flush_init_segment’:
libavformat/dashenc.c:469:49: warning: ‘%s’ directive output may be truncated writing up to 1023 bytes into a region of size between 1 and 1024 [-Wformat-truncation=]
  469 |         snprintf(filename, sizeof(filename), "%s%s", c->dirname, os->initfile);
      |                                                 ^~
In function ‘snprintf’,
    inlined from ‘flush_init_segment’ at libavformat/dashenc.c:469:9:
/usr/include/x86_64-linux-gnu/bits/stdio2.h:54:10: note: ‘__builtin___snprintf_chk’ output between 1 and 2047 bytes into a destination of size 1024
   54 |   return __builtin___snprintf_chk (__s, __n, __USE_FORTIFY_LEVEL - 1,
      |          ^~~~~~~~~~~~~~~~~~~~~~~~~~~~~~~~~~~~~~~~~~~~~~~~~~~~~~~~~~~~
   55 |                                    __glibc_objsize (__s), __fmt,
      |                                    ~~~~~~~~~~~~~~~~~~~~~~~~~~~~~
   56 |                                    __va_arg_pack ());
      |                                    ~~~~~~~~~~~~~~~~~
libavformat/dashenc.c: In function ‘write_hls_media_playlist’:
libavformat/dashenc.c:363:49: warning: ‘media_’ directive output may be truncated writing 6 bytes into a region of size between 1 and 1024 [-Wformat-truncation=]
  363 |         snprintf(playlist_name, string_size, "%smedia_%d.m3u8", base_url, id);
      |                                                 ^~~~~~
In function ‘snprintf’,
    inlined from ‘get_hls_playlist_name’ at libavformat/dashenc.c:363:9,
    inlined from ‘write_hls_media_playlist’ at libavformat/dashenc.c:399:5:
/usr/include/x86_64-linux-gnu/bits/stdio2.h:54:10: note: ‘__builtin___snprintf_chk’ output between 13 and 1046 bytes into a destination of size 1024
   54 |   return __builtin___snprintf_chk (__s, __n, __USE_FORTIFY_LEVEL - 1,
      |          ^~~~~~~~~~~~~~~~~~~~~~~~~~~~~~~~~~~~~~~~~~~~~~~~~~~~~~~~~~~~
   55 |                                    __glibc_objsize (__s), __fmt,
      |                                    ~~~~~~~~~~~~~~~~~~~~~~~~~~~~~
   56 |                                    __va_arg_pack ());
      |                                    ~~~~~~~~~~~~~~~~~
CC	libavformat/dfpwmdec.o
CC	libavformat/dhav.o
CC	libavformat/diracdec.o
CC	libavformat/dnxhddec.o
CC	libavformat/dovi_isom.o
libavformat/dashenc.c: In function ‘dash_flush’:
libavformat/dashenc.c:1840:63: warning: ‘%s’ directive output may be truncated writing up to 1023 bytes into a region of size between 1 and 1024 [-Wformat-truncation=]
 1840 |             snprintf(os->full_path, sizeof(os->full_path), "%s%s", c->dirname, os->initfile);
      |                                                               ^~
In function ‘snprintf’,
    inlined from ‘dash_flush’ at libavformat/dashenc.c:1840:13:
/usr/include/x86_64-linux-gnu/bits/stdio2.h:54:10: note: ‘__builtin___snprintf_chk’ output between 1 and 2047 bytes into a destination of size 1024
   54 |   return __builtin___snprintf_chk (__s, __n, __USE_FORTIFY_LEVEL - 1,
      |          ^~~~~~~~~~~~~~~~~~~~~~~~~~~~~~~~~~~~~~~~~~~~~~~~~~~~~~~~~~~~
   55 |                                    __glibc_objsize (__s), __fmt,
      |                                    ~~~~~~~~~~~~~~~~~~~~~~~~~~~~~
   56 |                                    __va_arg_pack ());
      |                                    ~~~~~~~~~~~~~~~~~
CC	libavformat/dsfdec.o
libavformat/dashenc.c: In function ‘dash_write_trailer’:
libavformat/dashenc.c:363:49: warning: ‘media_’ directive output may be truncated writing 6 bytes into a region of size between 1 and 1024 [-Wformat-truncation=]
  363 |         snprintf(playlist_name, string_size, "%smedia_%d.m3u8", base_url, id);
      |                                                 ^~~~~~
In function ‘get_hls_playlist_name’,
    inlined from ‘dash_write_trailer’ at libavformat/dashenc.c:2206:17:
libavformat/dashenc.c:363:46: note: directive argument in the range [0, 2147483647]
  363 |         snprintf(playlist_name, string_size, "%smedia_%d.m3u8", base_url, id);
      |                                              ^~~~~~~~~~~~~~~~~
In function ‘snprintf’,
    inlined from ‘get_hls_playlist_name’ at libavformat/dashenc.c:363:9,
    inlined from ‘dash_write_trailer’ at libavformat/dashenc.c:2206:17:
/usr/include/x86_64-linux-gnu/bits/stdio2.h:54:10: note: ‘__builtin___snprintf_chk’ output between 13 and 1045 bytes into a destination of size 1024
   54 |   return __builtin___snprintf_chk (__s, __n, __USE_FORTIFY_LEVEL - 1,
      |          ^~~~~~~~~~~~~~~~~~~~~~~~~~~~~~~~~~~~~~~~~~~~~~~~~~~~~~~~~~~~
   55 |                                    __glibc_objsize (__s), __fmt,
      |                                    ~~~~~~~~~~~~~~~~~~~~~~~~~~~~~
   56 |                                    __va_arg_pack ());
      |                                    ~~~~~~~~~~~~~~~~~
libavformat/dashenc.c: In function ‘dash_write_packet’:
libavformat/dashenc.c:2140:59: warning: ‘%s’ directive output may be truncated writing up to 1023 bytes into a region of size between 1 and 1024 [-Wformat-truncation=]
 2140 |         snprintf(os->full_path, sizeof(os->full_path), "%s%s", c->dirname,
      |                                                           ^~
In function ‘snprintf’,
    inlined from ‘dash_write_packet’ at libavformat/dashenc.c:2140:9:
/usr/include/x86_64-linux-gnu/bits/stdio2.h:54:10: note: ‘__builtin___snprintf_chk’ output between 1 and 2047 bytes into a destination of size 1024
   54 |   return __builtin___snprintf_chk (__s, __n, __USE_FORTIFY_LEVEL - 1,
      |          ^~~~~~~~~~~~~~~~~~~~~~~~~~~~~~~~~~~~~~~~~~~~~~~~~~~~~~~~~~~~
   55 |                                    __glibc_objsize (__s), __fmt,
      |                                    ~~~~~~~~~~~~~~~~~~~~~~~~~~~~~
   56 |                                    __va_arg_pack ());
      |                                    ~~~~~~~~~~~~~~~~~
CC	libavformat/dsicin.o
CC	libavformat/dss.o
CC	libavformat/dtsdec.o
CC	libavformat/dtshddec.o
CC	libavformat/dump.o
CC	libavformat/dv.o
CC	libavformat/dvbsub.o
CC	libavformat/dvbtxt.o
CC	libavformat/dvdclut.o
CC	libavformat/dvenc.o
CC	libavformat/dxa.o
CC	libavformat/eacdata.o
CC	libavformat/electronicarts.o
CC	libavformat/epafdec.o
CC	libavformat/evc.o
CC	libavformat/evcdec.o
CC	libavformat/ffmetadec.o
CC	libavformat/ffmetaenc.o
CC	libavformat/fifo.o
CC	libavformat/file.o
CC	libavformat/filmstripdec.o
CC	libavformat/filmstripenc.o
CC	libavformat/fitsdec.o
CC	libavformat/fitsenc.o
CC	libavformat/flac_picture.o
CC	libavformat/flacdec.o
CC	libavformat/flacenc.o
CC	libavformat/flacenc_header.o
CC	libavformat/flic.o
CC	libavformat/flvdec.o
CC	libavformat/flvenc.o
CC	libavformat/format.o
CC	libavformat/framecrcenc.o
CC	libavformat/framehash.o
CC	libavformat/frmdec.o
CC	libavformat/fsb.o
CC	libavformat/ftp.o
CC	libavformat/fwse.o
CC	libavformat/g722.o
CC	libavformat/g723_1.o
CC	libavformat/g726.o
CC	libavformat/g728dec.o
CC	libavformat/g729dec.o
CC	libavformat/gdv.o
CC	libavformat/genh.o
CC	libavformat/gif.o
CC	libavformat/gifdec.o
CC	libavformat/gopher.o
CC	libavformat/gsmdec.o
CC	libavformat/gxf.o
CC	libavformat/gxfenc.o
CC	libavformat/h261dec.o
CC	libavformat/h263dec.o
CC	libavformat/h264dec.o
CC	libavformat/hashenc.o
CC	libavformat/hca.o
CC	libavformat/hcom.o
CC	libavformat/hdsenc.o
CC	libavformat/hevc.o
CC	libavformat/hevcdec.o
CC	libavformat/hls.o
CC	libavformat/hls_sample_encryption.o
CC	libavformat/hlsenc.o
CC	libavformat/hlsplaylist.o
CC	libavformat/hnm.o
CC	libavformat/http.o
CC	libavformat/httpauth.o
CC	libavformat/hxvs.o
CC	libavformat/iamf.o
CC	libavformat/iamf_parse.o
CC	libavformat/iamf_reader.o
CC	libavformat/iamf_writer.o
CC	libavformat/iamfdec.o
CC	libavformat/iamfenc.o
CC	libavformat/icecast.o
CC	libavformat/icodec.o
CC	libavformat/icoenc.o
CC	libavformat/id3v1.o
CC	libavformat/id3v2.o
CC	libavformat/id3v2enc.o
CC	libavformat/idcin.o
CC	libavformat/idroqdec.o
CC	libavformat/idroqenc.o
CC	libavformat/iff.o
CC	libavformat/ifv.o
CC	libavformat/ilbc.o
CC	libavformat/img2.o
CC	libavformat/img2_alias_pix.o
CC	libavformat/img2_brender_pix.o
CC	libavformat/img2dec.o
CC	libavformat/img2enc.o
CC	libavformat/imx.o
CC	libavformat/ingenientdec.o
CC	libavformat/ip.o
CC	libavformat/ipfsgateway.o
CC	libavformat/ipmovie.o
CC	libavformat/ipudec.o
CC	libavformat/ircam.o
CC	libavformat/ircamdec.o
CC	libavformat/ircamenc.o
CC	libavformat/isom.o
CC	libavformat/isom_tags.o
CC	libavformat/iss.o
CC	libavformat/iv8.o
CC	libavformat/ivfdec.o
CC	libavformat/ivfenc.o
CC	libavformat/jacosubdec.o
CC	libavformat/jacosubenc.o
CC	libavformat/jpegxl_anim_dec.o
CC	libavformat/jvdec.o
CC	libavformat/kvag.o
libavformat/jvdec.c: In function ‘read_packet’:
libavformat/jvdec.c:177:16: warning: this statement may fall through [-Wimplicit-fallthrough=]
  177 |             if (jvf->audio_size) {
      |                ^
libavformat/jvdec.c:185:9: note: here
  185 |         case JV_VIDEO:
      |         ^~~~
libavformat/jvdec.c:187:33: warning: this statement may fall through [-Wimplicit-fallthrough=]
  187 |             if (jvf->video_size || jvf->palette_size) {
      |                 ~~~~~~~~~~~~~~~~^~~~~~~~~~~~~~~~~~~~
libavformat/jvdec.c:209:9: note: here
  209 |         case JV_PADDING:
      |         ^~~~
CC	libavformat/lafdec.o
CC	libavformat/latmenc.o
CC	libavformat/lc3.o
CC	libavformat/lcevc.o
CC	libavformat/libsrt.o
CC	libavformat/libzmq.o
CC	libavformat/lmlm4.o
CC	libavformat/loasdec.o
CC	libavformat/lrc.o
CC	libavformat/lrcdec.o
CC	libavformat/lrcenc.o
CC	libavformat/luodatdec.o
CC	libavformat/lvfdec.o
CC	libavformat/lxfdec.o
CC	libavformat/m4vdec.o
CC	libavformat/matroska.o
CC	libavformat/matroskadec.o
CC	libavformat/matroskaenc.o
CC	libavformat/mca.o
CC	libavformat/mccdec.o
CC	libavformat/mccenc.o
CC	libavformat/md5proto.o
CC	libavformat/metadata.o
CC	libavformat/mgsts.o
CC	libavformat/microdvddec.o
CC	libavformat/microdvdenc.o
CC	libavformat/mj2kdec.o
CC	libavformat/mkvtimestamp_v2.o
CC	libavformat/mlpdec.o
CC	libavformat/mlvdec.o
CC	libavformat/mm.o
CC	libavformat/mmf.o
CC	libavformat/mms.o
CC	libavformat/mmsh.o
libavformat/matroskaenc.c: In function ‘mkv_write_trailer’:
libavformat/matroskaenc.c:3473:79: warning: ‘%012.9f’ directive output may be truncated writing between 12 and 320 bytes into a region of size between 8 and 14 [-Wformat-truncation=]
 3473 |                 snprintf(duration_string, sizeof(duration_string), "%02d:%02d:%012.9f",
      |                                                                               ^~~~~~~
In file included from /usr/include/stdio.h:980,
                 from libavformat/avio.h:30,
                 from libavformat/av1.h:26,
                 from libavformat/matroskaenc.c:27:
In function ‘snprintf’,
    inlined from ‘mkv_write_trailer’ at libavformat/matroskaenc.c:3473:17:
/usr/include/x86_64-linux-gnu/bits/stdio2.h:54:10: note: ‘__builtin___snprintf_chk’ output between 19 and 333 bytes into a destination of size 20
   54 |   return __builtin___snprintf_chk (__s, __n, __USE_FORTIFY_LEVEL - 1,
      |          ^~~~~~~~~~~~~~~~~~~~~~~~~~~~~~~~~~~~~~~~~~~~~~~~~~~~~~~~~~~~
   55 |                                    __glibc_objsize (__s), __fmt,
      |                                    ~~~~~~~~~~~~~~~~~~~~~~~~~~~~~
   56 |                                    __va_arg_pack ());
      |                                    ~~~~~~~~~~~~~~~~~
CC	libavformat/mmst.o
CC	libavformat/mods.o
CC	libavformat/moflex.o
CC	libavformat/mov.o
CC	libavformat/mov_chan.o
CC	libavformat/mov_esds.o
CC	libavformat/movenc.o
CC	libavformat/movenc_ttml.o
CC	libavformat/movenccenc.o
CC	libavformat/movenchint.o
CC	libavformat/mp3dec.o
CC	libavformat/mp3enc.o
CC	libavformat/mpc.o
CC	libavformat/mpc8.o
CC	libavformat/mpeg.o
CC	libavformat/mpegenc.o
CC	libavformat/mpegts.o
CC	libavformat/mpegtsenc.o
libavformat/mpegts.c: In function ‘pat_cb’:
libavformat/mpegts.c:2966:13: warning: stack usage is 134816 bytes [-Wstack-usage=]
 2966 | static void pat_cb(MpegTSFilter *filter, const uint8_t *section, int section_len)
      |             ^~~~~~
CC	libavformat/mpegvideodec.o
libavformat/mpegts.c: In function ‘pmt_cb’:
libavformat/mpegts.c:2740:13: warning: stack usage might be 136368 bytes [-Wstack-usage=]
 2740 | static void pmt_cb(MpegTSFilter *filter, const uint8_t *section, int section_len)
      |             ^~~~~~
CC	libavformat/mpjpeg.o
CC	libavformat/mpjpegdec.o
CC	libavformat/mpl2dec.o
CC	libavformat/mpsubdec.o
CC	libavformat/msf.o
CC	libavformat/msnwc_tcp.o
CC	libavformat/mspdec.o
CC	libavformat/mtaf.o
CC	libavformat/mtv.o
CC	libavformat/musx.o
CC	libavformat/mux.o
CC	libavformat/mux_utils.o
CC	libavformat/mvdec.o
CC	libavformat/mvi.o
CC	libavformat/mxf.o
CC	libavformat/mxfdec.o
CC	libavformat/mxfenc.o
CC	libavformat/mxg.o
CC	libavformat/nal.o
CC	libavformat/ncdec.o
CC	libavformat/network.o
CC	libavformat/nistspheredec.o
CC	libavformat/nspdec.o
libavformat/nspdec.c: In function ‘nsp_read_header’:
libavformat/nspdec.c:80:13: warning: this statement may fall through [-Wimplicit-fallthrough=]
   80 |             av_log(s, AV_LOG_WARNING, "Unsupported chunk!\n");
      |             ^~~~~~~~~~~~~~~~~~~~~~~~~~~~~~~~~~~~~~~~~~~~~~~~~
libavformat/nspdec.c:81:9: note: here
   81 |         case MKBETAG('S', 'D', 'A', '_'):
      |         ^~~~
CC	libavformat/nsvdec.o
CC	libavformat/nullenc.o
CC	libavformat/nut.o
CC	libavformat/nutdec.o
CC	libavformat/nutenc.o
CC	libavformat/nuv.o
libavformat/nuv.c: In function ‘nuv_packet’:
libavformat/nuv.c:275:16: warning: this statement may fall through [-Wimplicit-fallthrough=]
  275 |             if (!ctx->rtjpg_video) {
      |                ^
libavformat/nuv.c:279:9: note: here
  279 |         case NUV_VIDEO:
      |         ^~~~
CC	libavformat/oggdec.o
CC	libavformat/oggenc.o
CC	libavformat/oggparsedirac.o
CC	libavformat/oggparseflac.o
CC	libavformat/oggparseogm.o
CC	libavformat/oggparseopus.o
CC	libavformat/oggparseskeleton.o
CC	libavformat/oggparsespeex.o
CC	libavformat/oggparsetheora.o
CC	libavformat/oggparsevorbis.o
CC	libavformat/oggparsevp8.o
CC	libavformat/oma.o
CC	libavformat/omadec.o
CC	libavformat/omaenc.o
CC	libavformat/options.o
CC	libavformat/os_support.o
CC	libavformat/osq.o
CC	libavformat/packet_list.o
CC	libavformat/paf.o
CC	libavformat/pcm.o
CC	libavformat/pcmdec.o
CC	libavformat/pcmenc.o
CC	libavformat/pdvdec.o
CC	libavformat/pdvenc.o
CC	libavformat/pjsdec.o
CC	libavformat/pmpdec.o
CC	libavformat/pp_bnk.o
CC	libavformat/prompeg.o
CC	libavformat/protocols.o
CC	libavformat/psxstr.o
CC	libavformat/pva.o
CC	libavformat/pvfdec.o
CC	libavformat/qcp.o
CC	libavformat/qoadec.o
CC	libavformat/qtpalette.o
CC	libavformat/r3d.o
CC	libavformat/rawdec.o
CC	libavformat/rawenc.o
CC	libavformat/rawutils.o
CC	libavformat/rawvideodec.o
CC	libavformat/rcwtdec.o
CC	libavformat/rcwtenc.o
CC	libavformat/rdt.o
CC	libavformat/realtextdec.o
CC	libavformat/redspark.o
CC	libavformat/replaygain.o
CC	libavformat/riff.o
CC	libavformat/riffdec.o
CC	libavformat/riffenc.o
CC	libavformat/rka.o
CC	libavformat/rl2.o
CC	libavformat/rm.o
CC	libavformat/rmdec.o
CC	libavformat/rmenc.o
CC	libavformat/rmsipr.o
CC	libavformat/rpl.o
CC	libavformat/rsd.o
CC	libavformat/rso.o
CC	libavformat/rsodec.o
CC	libavformat/rsoenc.o
CC	libavformat/rtmpcrypt.o
CC	libavformat/rtmpdh.o
CC	libavformat/rtmpdigest.o
CC	libavformat/rtmphttp.o
CC	libavformat/rtmppkt.o
CC	libavformat/rtmpproto.o
CC	libavformat/rtp.o
CC	libavformat/rtpdec.o
CC	libavformat/rtpdec_ac3.o
CC	libavformat/rtpdec_amr.o
CC	libavformat/rtpdec_asf.o
CC	libavformat/rtpdec_av1.o
CC	libavformat/rtpdec_dv.o
CC	libavformat/rtpdec_g726.o
CC	libavformat/rtpdec_h261.o
CC	libavformat/rtpdec_h263.o
CC	libavformat/rtpdec_h263_rfc2190.o
CC	libavformat/rtpdec_h264.o
CC	libavformat/rtpdec_hevc.o
CC	libavformat/rtpdec_ilbc.o
CC	libavformat/rtpdec_jpeg.o
CC	libavformat/rtpdec_latm.o
CC	libavformat/rtpdec_mpa_robust.o
CC	libavformat/rtpdec_mpeg12.o
CC	libavformat/rtpdec_mpeg4.o
CC	libavformat/rtpdec_mpegts.o
CC	libavformat/rtpdec_opus.o
CC	libavformat/rtpdec_qcelp.o
CC	libavformat/rtpdec_qdm2.o
CC	libavformat/rtpdec_qt.o
CC	libavformat/rtpdec_rfc4175.o
CC	libavformat/rtpdec_svq3.o
CC	libavformat/rtpdec_vc2hq.o
CC	libavformat/rtpdec_vp8.o
CC	libavformat/rtpdec_vp9.o
CC	libavformat/rtpdec_xiph.o
CC	libavformat/rtpenc.o
CC	libavformat/rtpenc_aac.o
CC	libavformat/rtpenc_amr.o
CC	libavformat/rtpenc_av1.o
CC	libavformat/rtpenc_chain.o
CC	libavformat/rtpenc_h261.o
CC	libavformat/rtpenc_h263.o
CC	libavformat/rtpenc_h263_rfc2190.o
CC	libavformat/rtpenc_h264_hevc.o
CC	libavformat/rtpenc_jpeg.o
CC	libavformat/rtpenc_latm.o
CC	libavformat/rtpenc_mpegts.o
CC	libavformat/rtpenc_mpv.o
CC	libavformat/rtpenc_rfc4175.o
CC	libavformat/rtpenc_vc2hq.o
CC	libavformat/rtpenc_vp8.o
CC	libavformat/rtpenc_vp9.o
CC	libavformat/rtpenc_xiph.o
CC	libavformat/rtpproto.o
CC	libavformat/rtsp.o
CC	libavformat/rtspdec.o
CC	libavformat/rtspenc.o
CC	libavformat/s337m.o
CC	libavformat/samidec.o
CC	libavformat/sapdec.o
CC	libavformat/sapenc.o
CC	libavformat/sauce.o
CC	libavformat/sbcdec.o
CC	libavformat/sbgdec.o
CC	libavformat/sccdec.o
CC	libavformat/sccenc.o
CC	libavformat/scd.o
CC	libavformat/sdns.o
CC	libavformat/sdp.o
CC	libavformat/sdr2.o
CC	libavformat/sdsdec.o
libavformat/rtsp.c: In function ‘ff_rtsp_make_setup_request’:
libavformat/rtsp.c:1736:30: warning: ‘%s’ directive output may be truncated writing up to 4095 bytes into a region of size 4085 [-Wformat-truncation=]
 1736 |                  "Transport: %s\r\n",
      |                              ^~
 1737 |                  transport);
      |                  ~~~~~~~~~    
In file included from /usr/include/stdio.h:980,
                 from ./libavutil/common.h:38,
                 from ./libavutil/avutil.h:300,
                 from ./libavcodec/codec_desc.h:24,
                 from libavformat/rtsp.c:36:
In function ‘snprintf’,
    inlined from ‘ff_rtsp_make_setup_request’ at libavformat/rtsp.c:1735:9:
/usr/include/x86_64-linux-gnu/bits/stdio2.h:54:10: note: ‘__builtin___snprintf_chk’ output between 14 and 4109 bytes into a destination of size 4096
   54 |   return __builtin___snprintf_chk (__s, __n, __USE_FORTIFY_LEVEL - 1,
      |          ^~~~~~~~~~~~~~~~~~~~~~~~~~~~~~~~~~~~~~~~~~~~~~~~~~~~~~~~~~~~
   55 |                                    __glibc_objsize (__s), __fmt,
      |                                    ~~~~~~~~~~~~~~~~~~~~~~~~~~~~~
   56 |                                    __va_arg_pack ());
      |                                    ~~~~~~~~~~~~~~~~~
CC	libavformat/sdxdec.o
CC	libavformat/seek.o
CC	libavformat/segafilm.o
CC	libavformat/segafilmenc.o
CC	libavformat/segment.o
CC	libavformat/serdec.o
CC	libavformat/sga.o
CC	libavformat/shared.o
CC	libavformat/shortendec.o
CC	libavformat/sierravmd.o
CC	libavformat/siff.o
CC	libavformat/smacker.o
CC	libavformat/smjpeg.o
CC	libavformat/smjpegdec.o
CC	libavformat/smjpegenc.o
CC	libavformat/smoothstreamingenc.o
CC	libavformat/smush.o
CC	libavformat/sol.o
CC	libavformat/soxdec.o
CC	libavformat/soxenc.o
CC	libavformat/spdif.o
CC	libavformat/spdifdec.o
libavformat/smoothstreamingenc.c: In function ‘ism_flush’:
libavformat/smoothstreamingenc.c:509:49: warning: ‘/temp’ directive output may be truncated writing 5 bytes into a region of size between 1 and 1024 [-Wformat-truncation=]
  509 |         snprintf(filename, sizeof(filename), "%s/temp", os->dirname);
      |                                                 ^~~~~
In file included from /usr/include/stdio.h:980,
                 from libavformat/avformat.h:310,
                 from libavformat/smoothstreamingenc.c:27:
In function ‘snprintf’,
    inlined from ‘ism_flush’ at libavformat/smoothstreamingenc.c:509:9:
/usr/include/x86_64-linux-gnu/bits/stdio2.h:54:10: note: ‘__builtin___snprintf_chk’ output between 6 and 1029 bytes into a destination of size 1024
   54 |   return __builtin___snprintf_chk (__s, __n, __USE_FORTIFY_LEVEL - 1,
      |          ^~~~~~~~~~~~~~~~~~~~~~~~~~~~~~~~~~~~~~~~~~~~~~~~~~~~~~~~~~~~
   55 |                                    __glibc_objsize (__s), __fmt,
      |                                    ~~~~~~~~~~~~~~~~~~~~~~~~~~~~~
   56 |                                    __va_arg_pack ());
      |                                    ~~~~~~~~~~~~~~~~~
libavformat/smoothstreamingenc.c: In function ‘ism_flush’:
libavformat/smoothstreamingenc.c:537:53: warning: ‘/temp’ directive output may be truncated writing 5 bytes into a region of size between 1 and 1024 [-Wformat-truncation=]
  537 |             snprintf(filename, sizeof(filename), "%s/temp", os->dirname);
      |                                                     ^~~~~
In function ‘snprintf’,
    inlined from ‘ism_flush’ at libavformat/smoothstreamingenc.c:537:13:
/usr/include/x86_64-linux-gnu/bits/stdio2.h:54:10: note: ‘__builtin___snprintf_chk’ output between 6 and 1029 bytes into a destination of size 1024
   54 |   return __builtin___snprintf_chk (__s, __n, __USE_FORTIFY_LEVEL - 1,
      |          ^~~~~~~~~~~~~~~~~~~~~~~~~~~~~~~~~~~~~~~~~~~~~~~~~~~~~~~~~~~~
   55 |                                    __glibc_objsize (__s), __fmt,
      |                                    ~~~~~~~~~~~~~~~~~~~~~~~~~~~~~
   56 |                                    __va_arg_pack ());
      |                                    ~~~~~~~~~~~~~~~~~
libavformat/smoothstreamingenc.c: In function ‘ism_flush’:
libavformat/smoothstreamingenc.c:544:63: warning: ‘/FragmentInfo(’ directive output may be truncated writing 14 bytes into a region of size between 1 and 1024 [-Wformat-truncation=]
  544 |         snprintf(header_filename, sizeof(header_filename), "%s/FragmentInfo(%s=%"PRIu64")", os->dirname, os->stream_type_tag, start_ts);
      |                                                               ^~~~~~~~~~~~~~
In function ‘snprintf’,
    inlined from ‘ism_flush’ at libavformat/smoothstreamingenc.c:544:9:
/usr/include/x86_64-linux-gnu/bits/stdio2.h:54:10: note: ‘__builtin___snprintf_chk’ output 18 or more bytes (assuming 1041) into a destination of size 1024
   54 |   return __builtin___snprintf_chk (__s, __n, __USE_FORTIFY_LEVEL - 1,
      |          ^~~~~~~~~~~~~~~~~~~~~~~~~~~~~~~~~~~~~~~~~~~~~~~~~~~~~~~~~~~~
   55 |                                    __glibc_objsize (__s), __fmt,
      |                                    ~~~~~~~~~~~~~~~~~~~~~~~~~~~~~
   56 |                                    __va_arg_pack ());
      |                                    ~~~~~~~~~~~~~~~~~
libavformat/smoothstreamingenc.c: In function ‘ism_flush’:
libavformat/smoothstreamingenc.c:545:63: warning: ‘/Fragments(’ directive output may be truncated writing 11 bytes into a region of size between 1 and 1024 [-Wformat-truncation=]
  545 |         snprintf(target_filename, sizeof(target_filename), "%s/Fragments(%s=%"PRIu64")", os->dirname, os->stream_type_tag, start_ts);
      |                                                               ^~~~~~~~~~~
In function ‘snprintf’,
    inlined from ‘ism_flush’ at libavformat/smoothstreamingenc.c:545:9:
/usr/include/x86_64-linux-gnu/bits/stdio2.h:54:10: note: ‘__builtin___snprintf_chk’ output 15 or more bytes (assuming 1038) into a destination of size 1024
   54 |   return __builtin___snprintf_chk (__s, __n, __USE_FORTIFY_LEVEL - 1,
      |          ^~~~~~~~~~~~~~~~~~~~~~~~~~~~~~~~~~~~~~~~~~~~~~~~~~~~~~~~~~~~
   55 |                                    __glibc_objsize (__s), __fmt,
      |                                    ~~~~~~~~~~~~~~~~~~~~~~~~~~~~~
   56 |                                    __va_arg_pack ());
      |                                    ~~~~~~~~~~~~~~~~~
CC	libavformat/spdifenc.o
CC	libavformat/srtdec.o
CC	libavformat/srtenc.o
CC	libavformat/srtp.o
CC	libavformat/srtpproto.o
CC	libavformat/stldec.o
CC	libavformat/subfile.o
CC	libavformat/subtitles.o
CC	libavformat/subviewer1dec.o
CC	libavformat/subviewerdec.o
CC	libavformat/supdec.o
CC	libavformat/supenc.o
CC	libavformat/svag.o
CC	libavformat/svs.o
CC	libavformat/swf.o
CC	libavformat/swfdec.o
CC	libavformat/swfenc.o
CC	libavformat/takdec.o
CC	libavformat/tcp.o
CC	libavformat/tedcaptionsdec.o
CC	libavformat/tee.o
CC	libavformat/tee_common.o
CC	libavformat/teeproto.o
CC	libavformat/thp.o
CC	libavformat/tiertexseq.o
CC	libavformat/tls.o
CC	libavformat/tls_openssl.o
CC	libavformat/tmv.o
CC	libavformat/tta.o
CC	libavformat/ttaenc.o
CC	libavformat/ttmlenc.o
libavformat/tls_openssl.c: In function ‘tls_open’:
libavformat/tls_openssl.c:873:13: warning: ‘SSL_set1_host’ is deprecated: Since OpenSSL 4.0 [-Wdeprecated-declarations]
  873 |             ok = SSL_set1_host(c->ssl, s->host);
      |             ^~
In file included from libavformat/tls_openssl.c:34:
/home/runner/work/ffmpeg-build-script/ffmpeg-build-script/workspace/include/openssl/ssl.h:1922:34: note: declared here
 1922 | OSSL_DEPRECATEDIN_4_0 __owur int SSL_set1_host(SSL *s, const char *host);
      |                                  ^~~~~~~~~~~~~
CC	libavformat/tty.o
CC	libavformat/txd.o
CC	libavformat/ty.o
CC	libavformat/udp.o
CC	libavformat/uncodedframecrcenc.o
CC	libavformat/unix.o
CC	libavformat/url.o
CC	libavformat/urldecode.o
CC	libavformat/usmdec.o
CC	libavformat/utils.o
CC	libavformat/vag.o
CC	libavformat/vapoursynth.o
CC	libavformat/vc1dec.o
CC	libavformat/vc1test.o
CC	libavformat/vc1testenc.o
CC	libavformat/version.o
CC	libavformat/vividas.o
CC	libavformat/vivo.o
CC	libavformat/voc.o
CC	libavformat/voc_packet.o
CC	libavformat/vocdec.o
CC	libavformat/vocenc.o
CC	libavformat/vorbiscomment.o
CC	libavformat/vpcc.o
CC	libavformat/vpk.o
CC	libavformat/vplayerdec.o
CC	libavformat/vqf.o
CC	libavformat/vvc.o
CC	libavformat/vvcdec.o
CC	libavformat/w64.o
CC	libavformat/wady.o
CC	libavformat/wavarc.o
CC	libavformat/wavdec.o
CC	libavformat/wavenc.o
CC	libavformat/wc3movie.o
CC	libavformat/webm_chunk.o
CC	libavformat/webmdashenc.o
CC	libavformat/webp_anim_dec.o
CC	libavformat/webpenc.o
CC	libavformat/webvttdec.o
CC	libavformat/webvttenc.o
CC	libavformat/westwood_aud.o
CC	libavformat/westwood_audenc.o
CC	libavformat/westwood_vqa.o
CC	libavformat/whip.o
CC	libavformat/wsddec.o
CC	libavformat/wtv_common.o
CC	libavformat/wtvdec.o
CC	libavformat/wtvenc.o
CC	libavformat/wv.o
CC	libavformat/wvdec.o
CC	libavformat/wvedec.o
CC	libavformat/wvenc.o
CC	libavformat/xa.o
CC	libavformat/xmd.o
CC	libavformat/xmv.o
CC	libavformat/xvag.o
CC	libavformat/xwma.o
CC	libavformat/yop.o
CC	libavformat/yuv4mpegdec.o
CC	libavformat/yuv4mpegenc.o
GEN	libavformat/libavformat.pc
CC	libavcodec/012v.o
CC	libavcodec/4xm.o
CC	libavcodec/8bps.o
CC	libavcodec/8svx.o
CC	libavcodec/a64multienc.o
CC	libavcodec/aac/aacdec.o
CC	libavcodec/aac/aacdec_ac.o
libavcodec/a64multienc.c: In function ‘render_charset.isra’:
libavcodec/a64multienc.c:133:19: warning: writing 16 bytes into a region of size 15 [-Wstringop-overflow=]
  133 |         index1[a] = i;
      |         ~~~~~~~~~~^~~
libavcodec/a64multienc.c:113:13: note: at offset [241, 256] into destination object ‘index1’ of size 256
  113 |     uint8_t index1[256];
      |             ^~~~~~
CC	libavcodec/aac/aacdec_fixed.o
CC	libavcodec/aac/aacdec_float.o
CC	libavcodec/aac/aacdec_lpd.o
CC	libavcodec/aac/aacdec_tab.o
CC	libavcodec/aac/aacdec_usac.o
CC	libavcodec/aac/aacdec_usac_mps212.o
CC	libavcodec/aac_ac3_parser.o
CC	libavcodec/aac_parser.o
CC	libavcodec/aaccoder.o
CC	libavcodec/aacenc.o
CC	libavcodec/aacenc_is.o
libavcodec/aacenc.c: In function ‘aac_encode_frame’:
libavcodec/aacenc.c:873:35: warning: writing 1 byte into a region of size 0 [-Wstringop-overflow=]
  873 |                 ics->group_len[w] = wi[ch].grouping[w];
      |                 ~~~~~~~~~~~~~~~~~~^~~~~~~~~~~~~~~~~~~~
In file included from libavcodec/aacenc.c:49:
libavcodec/aacenc.h:81:13: note: at offset 8 into destination object ‘group_len’ of size 8
   81 |     uint8_t group_len[8];
      |             ^~~~~~~~~
libavcodec/aacenc.c:873:35: warning: writing 1 byte into a region of size 0 [-Wstringop-overflow=]
  873 |                 ics->group_len[w] = wi[ch].grouping[w];
      |                 ~~~~~~~~~~~~~~~~~~^~~~~~~~~~~~~~~~~~~~
libavcodec/aacenc.h:81:13: note: at offset 9 into destination object ‘group_len’ of size 8
   81 |     uint8_t group_len[8];
      |             ^~~~~~~~~
CC	libavcodec/aacenc_tns.o
CC	libavcodec/aacencdsp.o
CC	libavcodec/aacenctab.o
CC	libavcodec/aacps_common.o
CC	libavcodec/aacps_fixed.o
CC	libavcodec/aacps_float.o
CC	libavcodec/aacpsdsp_fixed.o
CC	libavcodec/aacpsdsp_float.o
CC	libavcodec/aacpsy.o
CC	libavcodec/aacsbr.o
CC	libavcodec/aacsbr_fixed.o
CC	libavcodec/aactab.o
CC	libavcodec/aandcttab.o
CC	libavcodec/aasc.o
CC	libavcodec/ac3.o
CC	libavcodec/ac3_channel_layout_tab.o
CC	libavcodec/ac3_parser.o
CC	libavcodec/ac3dec_data.o
CC	libavcodec/ac3dec_fixed.o
CC	libavcodec/ac3dec_float.o
In file included from libavcodec/aacsbr.c:383:
libavcodec/aacsbr_template.c: In function ‘read_sbr_grid’:
libavcodec/aacsbr_template.c:728:57: warning: writing 1 byte into a region of size 0 [-Wstringop-overflow=]
  728 |             ch_data->t_env[ch_data->bs_num_env - 1 - i] =
      |             ~~~~~~~~~~~~~~~~~~~~~~~~~~~~~~~~~~~~~~~~~~~~^
  729 |                 ch_data->t_env[ch_data->bs_num_env - i] - 2 * get_bits(gb, 2) - 2;
      |                 ~~~~~~~~~~~~~~~~~~~~~~~~~~~~~~~~~~~~~~~~~~~~~~~~~~~~~~~~~~~~~~~~~
In file included from libavcodec/aacsbr.c:31:
libavcodec/sbr.h:106:24: note: at offset [2147483649, 4294967295] into destination object ‘t_env’ of size 9
  106 |     uint8_t            t_env[9];
      |                        ^~~~~
libavcodec/aacsbr_template.c:728:57: warning: writing 1 byte into a region of size 0 [-Wstringop-overflow=]
  728 |             ch_data->t_env[ch_data->bs_num_env - 1 - i] =
      |             ~~~~~~~~~~~~~~~~~~~~~~~~~~~~~~~~~~~~~~~~~~~~^
  729 |                 ch_data->t_env[ch_data->bs_num_env - i] - 2 * get_bits(gb, 2) - 2;
      |                 ~~~~~~~~~~~~~~~~~~~~~~~~~~~~~~~~~~~~~~~~~~~~~~~~~~~~~~~~~~~~~~~~~
libavcodec/sbr.h:106:24: note: at offset [2147483649, 4294967294] into destination object ‘t_env’ of size 9
  106 |     uint8_t            t_env[9];
      |                        ^~~~~
libavcodec/aacsbr_template.c:728:57: warning: writing 1 byte into a region of size 0 [-Wstringop-overflow=]
  728 |             ch_data->t_env[ch_data->bs_num_env - 1 - i] =
      |             ~~~~~~~~~~~~~~~~~~~~~~~~~~~~~~~~~~~~~~~~~~~~^
  729 |                 ch_data->t_env[ch_data->bs_num_env - i] - 2 * get_bits(gb, 2) - 2;
      |                 ~~~~~~~~~~~~~~~~~~~~~~~~~~~~~~~~~~~~~~~~~~~~~~~~~~~~~~~~~~~~~~~~~
libavcodec/sbr.h:106:24: note: at offset [2147483649, 4294967293] into destination object ‘t_env’ of size 9
  106 |     uint8_t            t_env[9];
      |                        ^~~~~
libavcodec/aacsbr_template.c:728:57: warning: writing 1 byte into a region of size 0 [-Wstringop-overflow=]
  728 |             ch_data->t_env[ch_data->bs_num_env - 1 - i] =
      |             ~~~~~~~~~~~~~~~~~~~~~~~~~~~~~~~~~~~~~~~~~~~~^
  729 |                 ch_data->t_env[ch_data->bs_num_env - i] - 2 * get_bits(gb, 2) - 2;
      |                 ~~~~~~~~~~~~~~~~~~~~~~~~~~~~~~~~~~~~~~~~~~~~~~~~~~~~~~~~~~~~~~~~~
libavcodec/sbr.h:106:24: note: at offset [2147483649, 4294967292] into destination object ‘t_env’ of size 9
  106 |     uint8_t            t_env[9];
      |                        ^~~~~
In file included from libavcodec/aacsbr_fixed.c:610:
libavcodec/aacsbr_template.c: In function ‘read_sbr_grid’:
libavcodec/aacsbr_template.c:728:57: warning: writing 1 byte into a region of size 0 [-Wstringop-overflow=]
  728 |             ch_data->t_env[ch_data->bs_num_env - 1 - i] =
      |             ~~~~~~~~~~~~~~~~~~~~~~~~~~~~~~~~~~~~~~~~~~~~^
  729 |                 ch_data->t_env[ch_data->bs_num_env - i] - 2 * get_bits(gb, 2) - 2;
      |                 ~~~~~~~~~~~~~~~~~~~~~~~~~~~~~~~~~~~~~~~~~~~~~~~~~~~~~~~~~~~~~~~~~
In file included from libavcodec/aacsbr_fixed.c:60:
libavcodec/sbr.h:106:24: note: at offset [-2147483647, -1] into destination object ‘t_env’ of size 9
  106 |     uint8_t            t_env[9];
      |                        ^~~~~
libavcodec/aacsbr_template.c:728:57: warning: writing 1 byte into a region of size 0 [-Wstringop-overflow=]
  728 |             ch_data->t_env[ch_data->bs_num_env - 1 - i] =
      |             ~~~~~~~~~~~~~~~~~~~~~~~~~~~~~~~~~~~~~~~~~~~~^
  729 |                 ch_data->t_env[ch_data->bs_num_env - i] - 2 * get_bits(gb, 2) - 2;
      |                 ~~~~~~~~~~~~~~~~~~~~~~~~~~~~~~~~~~~~~~~~~~~~~~~~~~~~~~~~~~~~~~~~~
libavcodec/sbr.h:106:24: note: at offset [-2147483647, -2] into destination object ‘t_env’ of size 9
  106 |     uint8_t            t_env[9];
      |                        ^~~~~
libavcodec/aacsbr_template.c:728:57: warning: writing 1 byte into a region of size 0 [-Wstringop-overflow=]
  728 |             ch_data->t_env[ch_data->bs_num_env - 1 - i] =
      |             ~~~~~~~~~~~~~~~~~~~~~~~~~~~~~~~~~~~~~~~~~~~~^
  729 |                 ch_data->t_env[ch_data->bs_num_env - i] - 2 * get_bits(gb, 2) - 2;
      |                 ~~~~~~~~~~~~~~~~~~~~~~~~~~~~~~~~~~~~~~~~~~~~~~~~~~~~~~~~~~~~~~~~~
libavcodec/sbr.h:106:24: note: at offset [-2147483647, -3] into destination object ‘t_env’ of size 9
  106 |     uint8_t            t_env[9];
      |                        ^~~~~
libavcodec/aacsbr_template.c:728:57: warning: writing 1 byte into a region of size 0 [-Wstringop-overflow=]
  728 |             ch_data->t_env[ch_data->bs_num_env - 1 - i] =
      |             ~~~~~~~~~~~~~~~~~~~~~~~~~~~~~~~~~~~~~~~~~~~~^
  729 |                 ch_data->t_env[ch_data->bs_num_env - i] - 2 * get_bits(gb, 2) - 2;
      |                 ~~~~~~~~~~~~~~~~~~~~~~~~~~~~~~~~~~~~~~~~~~~~~~~~~~~~~~~~~~~~~~~~~
libavcodec/sbr.h:106:24: note: at offset [-2147483647, -4] into destination object ‘t_env’ of size 9
  106 |     uint8_t            t_env[9];
      |                        ^~~~~
CC	libavcodec/ac3dsp.o
CC	libavcodec/ac3enc.o
CC	libavcodec/ac3enc_fixed.o
CC	libavcodec/ac3enc_float.o
CC	libavcodec/ac3tab.o
CC	libavcodec/acelp_filters.o
CC	libavcodec/acelp_pitch_delay.o
CC	libavcodec/acelp_vectors.o
CC	libavcodec/adpcm.o
CC	libavcodec/adpcm_data.o
CC	libavcodec/adpcmenc.o
CC	libavcodec/adts_header.o
CC	libavcodec/adts_parser.o
CC	libavcodec/adx.o
CC	libavcodec/adx_parser.o
CC	libavcodec/adxdec.o
CC	libavcodec/adxenc.o
CC	libavcodec/agm.o
CC	libavcodec/ahx_parser.o
CC	libavcodec/aic.o
CC	libavcodec/alac.o
CC	libavcodec/alac_data.o
CC	libavcodec/alacdsp.o
CC	libavcodec/alacenc.o
CC	libavcodec/aliaspixdec.o
CC	libavcodec/aliaspixenc.o
CC	libavcodec/allcodecs.o
CC	libavcodec/alsdec.o
CC	libavcodec/amfdec.o
CC	libavcodec/amfenc.o
CC	libavcodec/amfenc_av1.o
CC	libavcodec/amfenc_h264.o
CC	libavcodec/amfenc_hevc.o
CC	libavcodec/amr_parser.o
CC	libavcodec/amrnbdec.o
CC	libavcodec/amrwbdec.o
CC	libavcodec/anm.o
CC	libavcodec/ansi.o
CC	libavcodec/aom_film_grain.o
CC	libavcodec/apac.o
CC	libavcodec/apedec.o
CC	libavcodec/aptx.o
CC	libavcodec/aptxdec.o
CC	libavcodec/aptxenc.o
CC	libavcodec/apv_decode.o
CC	libavcodec/apv_dsp.o
CC	libavcodec/apv_entropy.o
CC	libavcodec/apv_parser.o
CC	libavcodec/arbc.o
CC	libavcodec/argo.o
CC	libavcodec/ass.o
CC	libavcodec/ass_split.o
CC	libavcodec/assdec.o
CC	libavcodec/assenc.o
CC	libavcodec/asv.o
CC	libavcodec/asvdec.o
CC	libavcodec/asvenc.o
CC	libavcodec/atrac.o
CC	libavcodec/atrac1.o
CC	libavcodec/atrac3.o
CC	libavcodec/atrac3plus.o
CC	libavcodec/atrac3plusdec.o
CC	libavcodec/atrac3plusdsp.o
CC	libavcodec/atrac9dec.o
CC	libavcodec/atsc_a53.o
CC	libavcodec/audio_frame_queue.o
CC	libavcodec/audiodsp.o
CC	libavcodec/aura.o
CC	libavcodec/av1_levels.o
CC	libavcodec/av1_parse.o
CC	libavcodec/av1_parser.o
CC	libavcodec/av1dec.o
CC	libavcodec/avcodec.o
CC	libavcodec/avdct.o
CC	libavcodec/avrndec.o
CC	libavcodec/avs.o
CC	libavcodec/avs2.o
CC	libavcodec/avs2_parser.o
CC	libavcodec/avs3_parser.o
CC	libavcodec/avuidec.o
CC	libavcodec/avuienc.o
CC	libavcodec/bethsoftvideo.o
CC	libavcodec/bfi.o
CC	libavcodec/bgmc.o
CC	libavcodec/bink.o
CC	libavcodec/binkaudio.o
CC	libavcodec/binkdsp.o
CC	libavcodec/bintext.o
CC	libavcodec/bitpacked_dec.o
CC	libavcodec/bitpacked_enc.o
CC	libavcodec/bitstream.o
CC	libavcodec/bitstream_filters.o
CC	libavcodec/blockdsp.o
CC	libavcodec/bmp.o
CC	libavcodec/bmp_parser.o
CC	libavcodec/bmpenc.o
CC	libavcodec/bmvaudio.o
CC	libavcodec/bmvvideo.o
CC	libavcodec/bonk.o
CC	libavcodec/brenderpix.o
CC	libavcodec/bsf.o
CC	libavcodec/bsf/aac_adtstoasc.o
CC	libavcodec/bsf/ahx_to_mp2.o
CC	libavcodec/bsf/apv_metadata.o
CC	libavcodec/bsf/av1_frame_merge.o
CC	libavcodec/bsf/av1_frame_split.o
CC	libavcodec/bsf/av1_metadata.o
CC	libavcodec/bsf/chomp.o
CC	libavcodec/bsf/dca_core.o
CC	libavcodec/bsf/dovi_rpu.o
CC	libavcodec/bsf/dovi_split.o
CC	libavcodec/bsf/dts2pts.o
CC	libavcodec/bsf/dump_extradata.o
CC	libavcodec/bsf/dv_error_marker.o
CC	libavcodec/bsf/eac3_core.o
CC	libavcodec/bsf/eia608_to_smpte436m.o
CC	libavcodec/bsf/evc_frame_merge.o
CC	libavcodec/bsf/extract_extradata.o
CC	libavcodec/bsf/filter_units.o
CC	libavcodec/bsf/h264_metadata.o
CC	libavcodec/bsf/h264_mp4toannexb.o
CC	libavcodec/bsf/h264_redundant_pps.o
CC	libavcodec/bsf/h265_metadata.o
CC	libavcodec/bsf/h266_metadata.o
CC	libavcodec/bsf/hapqa_extract.o
CC	libavcodec/bsf/hevc_mp4toannexb.o
CC	libavcodec/bsf/imx_dump_header.o
CC	libavcodec/bsf/lcevc_metadata.o
CC	libavcodec/bsf/media100_to_mjpegb.o
CC	libavcodec/bsf/mjpeg2jpeg.o
CC	libavcodec/bsf/mjpega_dump_header.o
CC	libavcodec/bsf/movsub.o
CC	libavcodec/bsf/mpeg2_metadata.o
CC	libavcodec/bsf/mpeg4_unpack_bframes.o
CC	libavcodec/bsf/noise.o
CC	libavcodec/bsf/null.o
CC	libavcodec/bsf/opus_metadata.o
CC	libavcodec/bsf/pcm_rechunk.o
CC	libavcodec/bsf/pgs_frame_merge.o
CC	libavcodec/bsf/prores_metadata.o
CC	libavcodec/bsf/remove_extradata.o
CC	libavcodec/bsf/setts.o
CC	libavcodec/bsf/showinfo.o
CC	libavcodec/bsf/smpte436m_to_eia608.o
CC	libavcodec/bsf/trace_headers.o
CC	libavcodec/bsf/truehd_core.o
CC	libavcodec/bsf/vp9_metadata.o
CC	libavcodec/bsf/vp9_raw_reorder.o
CC	libavcodec/bsf/vp9_superframe.o
CC	libavcodec/bsf/vp9_superframe_split.o
CC	libavcodec/bsf/vvc_mp4toannexb.o
CC	libavcodec/bswapdsp.o
CC	libavcodec/c93.o
CC	libavcodec/cabac.o
CC	libavcodec/canopus.o
CC	libavcodec/cavs.o
CC	libavcodec/cavs_parser.o
CC	libavcodec/cavsdata.o
CC	libavcodec/cavsdec.o
CC	libavcodec/cavsdsp.o
CC	libavcodec/cbrt_data.o
CC	libavcodec/cbrt_data_fixed.o
CC	libavcodec/cbrt_tablegen_common.o
CC	libavcodec/cbs.o
CC	libavcodec/cbs_apv.o
CC	libavcodec/cbs_av1.o
CC	libavcodec/cbs_bsf.o
CC	libavcodec/cbs_h264.o
CC	libavcodec/cbs_h2645.o
CC	libavcodec/cbs_h265.o
CC	libavcodec/cbs_h266.o
CC	libavcodec/cbs_jpeg.o
CC	libavcodec/cbs_lcevc.o
CC	libavcodec/cbs_mpeg2.o
CC	libavcodec/cbs_sei.o
CC	libavcodec/cbs_vp8.o
CC	libavcodec/cbs_vp9.o
CC	libavcodec/ccaption_dec.o
CC	libavcodec/cdgraphics.o
CC	libavcodec/cdtoons.o
CC	libavcodec/cdxl.o
CC	libavcodec/celp_filters.o
CC	libavcodec/celp_math.o
CC	libavcodec/cfhd.o
CC	libavcodec/cfhddata.o
CC	libavcodec/cfhddsp.o
CC	libavcodec/cfhdenc.o
CC	libavcodec/cfhdencdsp.o
CC	libavcodec/cga_data.o
CC	libavcodec/cinepak.o
CC	libavcodec/cinepakenc.o
CC	libavcodec/clearvideo.o
CC	libavcodec/cljrdec.o
CC	libavcodec/cljrenc.o
CC	libavcodec/cllc.o
CC	libavcodec/cngdec.o
CC	libavcodec/cngenc.o
CC	libavcodec/codec_desc.o
CC	libavcodec/codec_par.o
CC	libavcodec/cook.o
CC	libavcodec/cook_parser.o
CC	libavcodec/cpia.o
CC	libavcodec/cri.o
CC	libavcodec/cri_parser.o
CC	libavcodec/cscd.o
CC	libavcodec/cyuv.o
CC	libavcodec/d3d11va.o
CC	libavcodec/dca.o
CC	libavcodec/dca_core.o
CC	libavcodec/dca_exss.o
CC	libavcodec/dca_lbr.o
CC	libavcodec/dca_parser.o
CC	libavcodec/dca_sample_rate_tab.o
CC	libavcodec/dca_xll.o
CC	libavcodec/dcaadpcm.o
CC	libavcodec/dcadata.o
CC	libavcodec/dcadct.o
CC	libavcodec/dcadec.o
CC	libavcodec/dcadsp.o
CC	libavcodec/dcaenc.o
CC	libavcodec/dcahuff.o
CC	libavcodec/dct32_fixed.o
CC	libavcodec/dct32_float.o
CC	libavcodec/dds.o
CC	libavcodec/decode.o
CC	libavcodec/dfa.o
CC	libavcodec/dfpwmdec.o
CC	libavcodec/dfpwmenc.o
CC	libavcodec/dirac.o
CC	libavcodec/dirac_arith.o
CC	libavcodec/dirac_dwt.o
CC	libavcodec/dirac_parser.o
CC	libavcodec/dirac_vlc.o
CC	libavcodec/diracdec.o
CC	libavcodec/diracdsp.o
CC	libavcodec/diractab.o
CC	libavcodec/dnxhd_parser.o
CC	libavcodec/dnxhddata.o
CC	libavcodec/dnxhddec.o
CC	libavcodec/dnxhdenc.o
CC	libavcodec/dnxuc_parser.o
CC	libavcodec/dolby_e.o
CC	libavcodec/dolby_e_parse.o
CC	libavcodec/dolby_e_parser.o
CC	libavcodec/dovi_rpu.o
CC	libavcodec/dovi_rpudec.o
CC	libavcodec/dovi_rpuenc.o
CC	libavcodec/dpcm.o
CC	libavcodec/dpx.o
CC	libavcodec/dpx_parser.o
CC	libavcodec/dpxenc.o
CC	libavcodec/dsd.o
CC	libavcodec/dsddec.o
CC	libavcodec/dsicinaudio.o
CC	libavcodec/dsicinvideo.o
CC	libavcodec/dss_sp.o
CC	libavcodec/dstdec.o
CC	libavcodec/dv.o
CC	libavcodec/dv_profile.o
CC	libavcodec/dvaudio_parser.o
CC	libavcodec/dvaudiodec.o
CC	libavcodec/dvbsub_parser.o
CC	libavcodec/dvbsubdec.o
CC	libavcodec/dvbsubenc.o
CC	libavcodec/dvd_nav_parser.o
CC	libavcodec/dvdata.o
CC	libavcodec/dvdec.o
CC	libavcodec/dvdsub.o
CC	libavcodec/dvdsub_parser.o
CC	libavcodec/dvdsubdec.o
CC	libavcodec/dvdsubenc.o
CC	libavcodec/dvenc.o
CC	libavcodec/dxa.o
CC	libavcodec/dxtory.o
CC	libavcodec/dxv.o
CC	libavcodec/dxvenc.o
CC	libavcodec/dynamic_hdr_vivid.o
CC	libavcodec/eac3_data.o
CC	libavcodec/eac3enc.o
CC	libavcodec/eacmv.o
CC	libavcodec/eaidct.o
CC	libavcodec/eamad.o
CC	libavcodec/eatgq.o
CC	libavcodec/eatgv.o
CC	libavcodec/eatqi.o
CC	libavcodec/elbg.o
CC	libavcodec/elsdec.o
CC	libavcodec/encode.o
CC	libavcodec/error_resilience.o
CC	libavcodec/escape124.o
CC	libavcodec/escape130.o
CC	libavcodec/evc_parse.o
CC	libavcodec/evc_parser.o
CC	libavcodec/evc_ps.o
CC	libavcodec/evrcdec.o
CC	libavcodec/executor.o
CC	libavcodec/exif.o
CC	libavcodec/exr.o
CC	libavcodec/exrdsp.o
CC	libavcodec/exrenc.o
CC	libavcodec/faandct.o
CC	libavcodec/faanidct.o
CC	libavcodec/fastaudio.o
CC	libavcodec/faxcompr.o
CC	libavcodec/fdctdsp.o
CC	libavcodec/ffv1.o
CC	libavcodec/ffv1_parse.o
CC	libavcodec/ffv1_parser.o
CC	libavcodec/ffv1_vulkan.o
CC	libavcodec/ffv1dec.o
CC	libavcodec/ffv1enc.o
CC	libavcodec/ffv1enc_vulkan.o
CC	libavcodec/ffwavesynth.o
CC	libavcodec/fic.o
CC	libavcodec/fits.o
CC	libavcodec/fitsdec.o
libavcodec/ffv1enc.c: In function ‘encode_float32_remap.isra’:
libavcodec/ffv1enc.c:1497:13: warning: stack usage is 139952 bytes [-Wstack-usage=]
 1497 | static void encode_float32_remap(FFV1Context *f, FFV1SliceContext *sc,
      |             ^~~~~~~~~~~~~~~~~~~~
CC	libavcodec/fitsenc.o
CC	libavcodec/flac.o
CC	libavcodec/flac_parser.o
CC	libavcodec/flacdata.o
CC	libavcodec/flacdec.o
CC	libavcodec/flacdsp.o
CC	libavcodec/flacenc.o
CC	libavcodec/flacencdsp.o
CC	libavcodec/flashsv.o
CC	libavcodec/flashsv2enc.o
CC	libavcodec/flashsvenc.o
CC	libavcodec/flicvideo.o
CC	libavcodec/flvdec.o
CC	libavcodec/flvenc.o
CC	libavcodec/fmtconvert.o
CC	libavcodec/fmvc.o
CC	libavcodec/frame_thread_encoder.o
CC	libavcodec/fraps.o
CC	libavcodec/frwu.o
CC	libavcodec/ftr.o
CC	libavcodec/ftr_parser.o
CC	libavcodec/g2meet.o
CC	libavcodec/g722.o
CC	libavcodec/g722dec.o
CC	libavcodec/g722dsp.o
CC	libavcodec/g722enc.o
CC	libavcodec/g723_1.o
CC	libavcodec/g723_1_parser.o
CC	libavcodec/g723_1dec.o
CC	libavcodec/g723_1enc.o
CC	libavcodec/g726.o
CC	libavcodec/g728dec.o
CC	libavcodec/g729_parser.o
CC	libavcodec/g729dec.o
CC	libavcodec/g729postfilter.o
CC	libavcodec/gdv.o
CC	libavcodec/gemdec.o
CC	libavcodec/get_buffer.o
CC	libavcodec/gif.o
CC	libavcodec/gif_parser.o
CC	libavcodec/gifdec.o
CC	libavcodec/golomb.o
CC	libavcodec/gsm_parser.o
CC	libavcodec/gsmdec.o
CC	libavcodec/gsmdec_data.o
CC	libavcodec/h261.o
CC	libavcodec/h261_parser.o
CC	libavcodec/h261data.o
CC	libavcodec/h261dec.o
CC	libavcodec/h261enc.o
CC	libavcodec/h263.o
CC	libavcodec/h263_parser.o
CC	libavcodec/h263data.o
CC	libavcodec/h263dec.o
CC	libavcodec/h263dsp.o
CC	libavcodec/h2645_parse.o
CC	libavcodec/h2645_sei.o
CC	libavcodec/h2645_vui.o
CC	libavcodec/h2645data.o
CC	libavcodec/h264_cabac.o
CC	libavcodec/h264_cavlc.o
CC	libavcodec/h264_direct.o
CC	libavcodec/h264_levels.o
CC	libavcodec/h264_loopfilter.o
CC	libavcodec/h264_mb.o
CC	libavcodec/h264_parse.o
CC	libavcodec/h264_parser.o
CC	libavcodec/h264_picture.o
CC	libavcodec/h264_ps.o
CC	libavcodec/h264_refs.o
CC	libavcodec/h264_sei.o
CC	libavcodec/h264_slice.o
CC	libavcodec/h264chroma.o
CC	libavcodec/h264data.o
CC	libavcodec/h264dec.o
CC	libavcodec/h264dsp.o
CC	libavcodec/h264idct.o
CC	libavcodec/h264pred.o
CC	libavcodec/h264qpel.o
CC	libavcodec/h265_profile_level.o
CC	libavcodec/h274.o
CC	libavcodec/hap.o
CC	libavcodec/hapdec.o
CC	libavcodec/hashtable.o
CC	libavcodec/hcadec.o
CC	libavcodec/hcom.o
CC	libavcodec/hdr_parser.o
CC	libavcodec/hdrdec.o
CC	libavcodec/hdrenc.o
CC	libavcodec/hevc/cabac.o
CC	libavcodec/hevc/data.o
CC	libavcodec/hevc/dsp.o
CC	libavcodec/hevc/filter.o
CC	libavcodec/hevc/hevcdec.o
CC	libavcodec/hevc/mvs.o
CC	libavcodec/hevc/parse.o
CC	libavcodec/hevc/parser.o
CC	libavcodec/hevc/pred.o
CC	libavcodec/hevc/ps.o
CC	libavcodec/hevc/refs.o
CC	libavcodec/hevc/sei.o
CC	libavcodec/hnm4video.o
CC	libavcodec/hpeldsp.o
CC	libavcodec/hq_common.o
CC	libavcodec/hq_hqa.o
CC	libavcodec/hq_hqadsp.o
CC	libavcodec/hqx.o
CC	libavcodec/hqxdsp.o
CC	libavcodec/htmlsubtitles.o
CC	libavcodec/huffman.o
CC	libavcodec/huffyuv.o
CC	libavcodec/huffyuvdec.o
CC	libavcodec/huffyuvdsp.o
CC	libavcodec/huffyuvenc.o
CC	libavcodec/huffyuvencdsp.o
CC	libavcodec/hw_base_encode.o
CC	libavcodec/hw_base_encode_h264.o
CC	libavcodec/hw_base_encode_h265.o
CC	libavcodec/idcinvideo.o
CC	libavcodec/idctdsp.o
CC	libavcodec/iff.o
CC	libavcodec/ilbcdec.o
CC	libavcodec/imc.o
CC	libavcodec/imgconvert.o
CC	libavcodec/imm4.o
CC	libavcodec/imm5.o
CC	libavcodec/imx.o
CC	libavcodec/indeo2.o
CC	libavcodec/indeo3.o
CC	libavcodec/indeo4.o
CC	libavcodec/indeo5.o
CC	libavcodec/intelh263dec.o
CC	libavcodec/interplayacm.o
CC	libavcodec/interplayvideo.o
CC	libavcodec/intrax8.o
CC	libavcodec/intrax8dsp.o
CC	libavcodec/ipu_parser.o
CC	libavcodec/ituh263dec.o
CC	libavcodec/ituh263enc.o
CC	libavcodec/itut35.o
CC	libavcodec/ivi.o
CC	libavcodec/ivi_dsp.o
CC	libavcodec/j2kenc.o
CC	libavcodec/jacosubdec.o
CC	libavcodec/jfdctfst.o
CC	libavcodec/jfdctint.o
CC	libavcodec/jni.o
CC	libavcodec/jpeg2000.o
CC	libavcodec/jpeg2000_parser.o
CC	libavcodec/jpeg2000dec.o
CC	libavcodec/jpeg2000dsp.o
CC	libavcodec/jpeg2000dwt.o
CC	libavcodec/jpeg2000htdec.o
CC	libavcodec/jpegls.o
CC	libavcodec/jpeglsdec.o
CC	libavcodec/jpeglsenc.o
CC	libavcodec/jpegquanttables.o
CC	libavcodec/jpegtables.o
CC	libavcodec/jpegxl_parse.o
CC	libavcodec/jpegxl_parser.o
CC	libavcodec/jpegxs_parser.o
CC	libavcodec/jrevdct.o
CC	libavcodec/jvdec.o
CC	libavcodec/kbdwin.o
CC	libavcodec/kgv1dec.o
CC	libavcodec/kmvc.o
CC	libavcodec/lagarith.o
CC	libavcodec/lagarithrac.o
CC	libavcodec/latm_parser.o
CC	libavcodec/lcevc_parser.o
libavcodec/lcevc_parser.c: In function ‘parse_nal_units’:
libavcodec/lcevc_parser.c:190:26: warning: this statement may fall through [-Wimplicit-fallthrough=]
  190 |             s->key_frame = 1;
      |             ~~~~~~~~~~~~~^~~
libavcodec/lcevc_parser.c:192:9: note: here
  192 |         case LCEVC_NON_IDR_NUT:
      |         ^~~~
CC	libavcodec/lcevctab.o
CC	libavcodec/lcldec.o
CC	libavcodec/lclenc.o
CC	libavcodec/leaddec.o
CC	libavcodec/libaom.o
CC	libavcodec/libaomdec.o
CC	libavcodec/libaomenc.o
CC	libavcodec/libdav1d.o
CC	libavcodec/libfdk-aacdec.o
In file included from /home/runner/work/ffmpeg-build-script/ffmpeg-build-script/workspace/include/fdk-aac/aacdecoder_lib.h:432,
                 from libavcodec/libfdk-aacdec.c:20:
/home/runner/work/ffmpeg-build-script/ffmpeg-build-script/workspace/include/fdk-aac/FDK_audio.h:757:29: warning: ‘FDKlibInfo_lookup’ defined but not used [-Wunused-function]
  757 | static FDK_AUDIO_INLINE INT FDKlibInfo_lookup(const LIB_INFO* info,
      |                             ^~~~~~~~~~~~~~~~~
/home/runner/work/ffmpeg-build-script/ffmpeg-build-script/workspace/include/fdk-aac/FDK_audio.h:745:1: warning: ‘FDKlibInfo_getCapabilities’ defined but not used [-Wunused-function]
  745 | FDKlibInfo_getCapabilities(const LIB_INFO* info, FDK_MODULE_ID module_id) {
      | ^~~~~~~~~~~~~~~~~~~~~~~~~~
/home/runner/work/ffmpeg-build-script/ffmpeg-build-script/workspace/include/fdk-aac/FDK_audio.h:735:30: warning: ‘FDKinitLibInfo’ defined but not used [-Wunused-function]
  735 | static FDK_AUDIO_INLINE void FDKinitLibInfo(LIB_INFO* info) {
      |                              ^~~~~~~~~~~~~~
CC	libavcodec/libfdk-aacenc.o
CC	libavcodec/libjxl.o
CC	libavcodec/libjxldec.o
CC	libavcodec/libjxlenc.o
In file included from /home/runner/work/ffmpeg-build-script/ffmpeg-build-script/workspace/include/fdk-aac/aacenc_lib.h:1006,
                 from libavcodec/libfdk-aacenc.c:20:
/home/runner/work/ffmpeg-build-script/ffmpeg-build-script/workspace/include/fdk-aac/FDK_audio.h:757:29: warning: ‘FDKlibInfo_lookup’ defined but not used [-Wunused-function]
  757 | static FDK_AUDIO_INLINE INT FDKlibInfo_lookup(const LIB_INFO* info,
      |                             ^~~~~~~~~~~~~~~~~
/home/runner/work/ffmpeg-build-script/ffmpeg-build-script/workspace/include/fdk-aac/FDK_audio.h:745:1: warning: ‘FDKlibInfo_getCapabilities’ defined but not used [-Wunused-function]
  745 | FDKlibInfo_getCapabilities(const LIB_INFO* info, FDK_MODULE_ID module_id) {
      | ^~~~~~~~~~~~~~~~~~~~~~~~~~
/home/runner/work/ffmpeg-build-script/ffmpeg-build-script/workspace/include/fdk-aac/FDK_audio.h:735:30: warning: ‘FDKinitLibInfo’ defined but not used [-Wunused-function]
  735 | static FDK_AUDIO_INLINE void FDKinitLibInfo(LIB_INFO* info) {
      |                              ^~~~~~~~~~~~~~
CC	libavcodec/liblc3dec.o
CC	libavcodec/liblc3enc.o
CC	libavcodec/libmp3lame.o
CC	libavcodec/libopencore-amr.o
CC	libavcodec/libopus.o
CC	libavcodec/libopusdec.o
CC	libavcodec/libopusenc.o
CC	libavcodec/libsvt_hevc.o
CC	libavcodec/libsvt_vp9.o
CC	libavcodec/libsvtav1.o
libavcodec/libsvt_vp9.c: In function ‘eb_receive_packet’:
libavcodec/libsvt_vp9.c:531:18: warning: unused variable ‘ref’ [-Wunused-variable]
  531 |     AVBufferRef *ref;
      |                  ^~~
libavcodec/libsvt_vp9.c: At top level:
libavcodec/libsvt_vp9.c:696:8: error: ‘AVCodec’ has no member named ‘pix_fmts’
  696 |     .p.pix_fmts       = (const enum AVPixelFormat[]){ AV_PIX_FMT_YUV420P,
      |        ^~~~~~~~
libavcodec/libsvt_vp9.c:696:25: warning: initialization of ‘const char *’ from incompatible pointer type ‘const enum AVPixelFormat *’ [-Wincompatible-pointer-types]
  696 |     .p.pix_fmts       = (const enum AVPixelFormat[]){ AV_PIX_FMT_YUV420P,
      |                         ^
libavcodec/libsvt_vp9.c:696:25: note: (near initialization for ‘ff_libsvt_vp9_encoder.p.name’)
libavcodec/libsvt_vp9.c: In function ‘error_mapping’:
libavcodec/libsvt_vp9.c:123:13: warning: this statement may fall through [-Wimplicit-fallthrough=]
  123 |         err = AVERROR(EAGAIN);
libavcodec/libsvt_vp9.c:125:5: note: here
  125 |     case EB_ErrorNone:
      |     ^~~~
make: *** [ffbuild/common.mak:83: libavcodec/libsvt_vp9.o] Error 1
make: *** Waiting for unfinished jobs....

Failed to Execute make -j 4
